<?xml version='1.0' encoding='UTF-8'?>
<shortcuts>
	<shortcut>
        <label>$LOCALIZE[15016]</label>
        <label2 />
        <defaultID>games</defaultID>
        <icon>icons/sidemenu/games.png</icon>
        <action>ActivateWindow(Games)</action>
    </shortcut>
	    <shortcut>
        <label>$LOCALIZE[342]</label>
        <label2 />
        <defaultID>movies</defaultID>
        <icon>icons/sidemenu/movies.png</icon>
        <action>ActivateWindow(Videos,videodb://movies/titles/,return)</action>
    </shortcut>  
	<shortcut>
        <label>$LOCALIZE[20343]</label>
        <label2 />
        <defaultID>tvshows</defaultID>
        <icon>icons/sidemenu/tv.png</icon>
        <action>ActivateWindow(Videos,videodb://tvshows/titles/,return)</action>
    </shortcut>
    <shortcut>
        <label>$LOCALIZE[2]</label>
        <label2 />
        <defaultID>music</defaultID>
        <icon>icons/sidemenu/music.png</icon>
        <action>ActivateWindow(Music,root,return)</action>
    </shortcut>
	<shortcut>
        <label>$LOCALIZE[1]</label>
        <label2 />
        <defaultID>pictures</defaultID>
        <icon>icons/sidemenu/pictures.png</icon>
        <action>ActivateWindow(Pictures)</action>
    </shortcut>
<!-- 	<shortcut>
		<label>$LOCALIZE[20389]</label>
		<label2 />
		<defaultID>musicvideos</defaultID>
		<icon></icon>
		<action>ActivateWindow(Videos,musicvideos,return)</action>
	</shortcut>
	<shortcut>
		<label>Empty</label>
		<label2 />
		<defaultID>empty</defaultID>
		<icon></icon>
		<action></action>
	</shortcut> -->
</shortcuts>