<?xml version="1.0" encoding="UTF-8" standalone="yes"?>
<addon id="script.song.autorating" name="Song Auto Rating" version="0.0.4" provider-name="Sagrath">
	<requires>
		<import addon="xbmc.python" version="3.0.0"/>
	</requires>
	<extension point="xbmc.service" library="service.py"/>
	<extension point="xbmc.addon.metadata">
		<platform>all</platform>
		<summary lang="en"/>
		<assets>
			<icon>resources/icon.png</icon>
            <fanart>resources/fanart.jpg</fanart>
			<screenshot/>
		</assets>
	</extension>
</addon>