<?xml version="1.0" encoding="UTF-8"?>
<window id="1112">
	<defaultcontrol always="true">892</defaultcontrol>
	<controls>
		<include>DefaultBackground</include>
		<!-- 0% Preparando Ajustes -->
		<control type="button" id="892">
			<include>HiddenObject</include>
			<onfocus>Skin.SetString(autosetting,0)</onfocus>
			<onfocus>Skin.ResetSettings</onfocus>
			<onfocus>Skin.SetString(background_overlay,6)</onfocus>
			<onfocus>Skin.SetBool(SkinHelper.EnableExtraFanart)</onfocus>
			<onfocus>Skin.SetBool(SkinHelper.EnableMusicArt)</onfocus>
			<onfocus>Skin.SetBool(SkinHelper.EnableExtendedArt)</onfocus>
			<onfocus>Skin.SetBool(SmartShortcuts.playlists)</onfocus>
			<onfocus>AlarmClock(nextstep,SetFocus(900),0:01,true)</onfocus>
		</control>
		<control type="group">
			<!-- 10% Definições padrão da Skin -->
			<control type="button" id="900">
				<include>HiddenObject</include>
				<!-- Definições padrão da Home -->
				<onfocus>Skin.SetString(autosetting,10)</onfocus>
				<onfocus condition="!Skin.HasSetting(Default_Menu)">Skin.ToggleSetting(Default_Menu)</onfocus>
				<onfocus condition="!Skin.HasSetting(WeatherResume)">Skin.ToggleSetting(WeatherResume)</onfocus>
				<onfocus condition="!Skin.HasSetting(autoscPreparando ajustesroll)">Skin.ToggleSetting(autoscroll)</onfocus>
				<onfocus>AlarmClock(nextstep,SetFocus(901),0:01,true)</onfocus>
			</control>
			<!-- 20% Definição de Artworks -->
			<control type="button" id="901">
				<include>HiddenObject</include>
				<!-- Fanart Padrão -->
				<onfocus>Skin.SetString(autosetting,20)</onfocus>
				<onfocus>Skin.Reset(CustomHomeFanart)</onfocus>
				<onfocus>Skin.ToggleSetting(show_fanartbackground)</onfocus>
				<onfocus>AlarmClock(nextstep,SetFocus(902),0:01,true)</onfocus>
			</control>
			<!-- 30% Definição de Menu Jogos -->
			<control type="button" id="902">
				<include>HiddenObject</include>
				<!-- Jogos -->
				<onfocus>Skin.SetString(autosetting,30)</onfocus>
				<onfocus>Skin.Reset(HomeGames.Title)</onfocus>
				<onfocus>Skin.Reset(HomeGames.Action)</onfocus>
				<onfocus>Skin.Reset(HomeGames.ActionTitle)</onfocus>
				<onfocus>Skin.Reset(HomeGames.Fanart)</onfocus>
				<onfocus>Skin.Reset(GamesWidgets.Name)</onfocus>
				<onfocus>Skin.Reset(GamesWidgets.Source)</onfocus>
				<onfocus>Skin.SetString(GamesWidgets.Path,-)</onfocus>
				<onfocus>Skin.Reset(GamesWidgets.Target)</onfocus>
				<onfocus>AlarmClock(nextstep,SetFocus(903),0:01,true)</onfocus>
			</control>
			<!-- 40% Definição de Menu Filmes -->
			<control type="button" id="903">
				<include>HiddenObject</include>
				<!-- Filmes -->
				<onfocus>Skin.SetString(autosetting,40)</onfocus>
				<onfocus>Skin.Reset(HomeMovies.Title)</onfocus>
				<onfocus>Skin.Reset(HomeMovies.Action)</onfocus>
				<onfocus>Skin.Reset(HomeMovies.Fanart)</onfocus>
				<onfocus>Skin.Reset(MoviesWidgets.Name)</onfocus>
				<onfocus>Skin.Reset(MoviesWidgets.Source)</onfocus>
				<onfocus>Skin.SetString(MoviesWidgets.Path,-)</onfocus>
				<onfocus>Skin.Reset(MoviesWidgets.Target)</onfocus>
				<onfocus>AlarmClock(nextstep,SetFocus(904),0:01,true)</onfocus>
			</control>
			<!-- 50% Definição de Menu Seriados -->
			<control type="button" id="904">
				<include>HiddenObject</include>
				<!-- Seriados -->
				<onfocus>Skin.SetString(autosetting,50)</onfocus>
				<onfocus>Skin.Reset(HomeTvShows.Title)</onfocus>
				<onfocus>Skin.Reset(HomeTvShows.Action)</onfocus>
				<onfocus>Skin.Reset(HomeTvShows.Fanart)</onfocus>
				<onfocus>Skin.Reset(TvShowsWidgets.Name)</onfocus>
				<onfocus>Skin.Reset(TvShowsWidgets.Source)</onfocus>
				<onfocus>Skin.SetString(TvShowsWidgets.Path,-)</onfocus>
				<onfocus>Skin.Reset(TvShowsWidgets.Target)</onfocus>
				<onfocus>AlarmClock(nextstep,SetFocus(905),0:01,true)</onfocus>
			</control>
			<!-- 60% Definição de Menu Musicas -->
			<control type="button" id="905">
				<include>HiddenObject</include>
				<!-- Musicas-->
				<onfocus>Skin.SetString(autosetting,60)</onfocus>
				<onfocus>Skin.Reset(HomeMusic.Title)</onfocus>
				<onfocus>Skin.Reset(HomeMusic.Action)</onfocus>
				<onfocus>Skin.Reset(HomeMusic.Fanart)</onfocus>
				<onfocus>Skin.Reset(MusicWidgets.Name)</onfocus>
				<onfocus>Skin.Reset(MusicWidgets.Source)</onfocus>
				<onfocus>Skin.SetString(MusicWidgets.Path,-)</onfocus>
				<onfocus>Skin.Reset(MusicWidgets.Target)</onfocus>
				<onfocus>AlarmClock(nextstep,SetFocus(906),0:01,true)</onfocus>
			</control>
			<!-- 70% Definição de menu Imagens -->
			<control type="button" id="906">
				<include>HiddenObject</include>
				<!-- Imagens -->
				<onfocus>Skin.SetString(autosetting,70)</onfocus>
				<onfocus>Skin.Reset(HomePictures.Title)</onfocus>
				<onfocus>Skin.Reset(HomePictures.Action)</onfocus>
				<onfocus>Skin.Reset(HomePictures.ActionTitle)</onfocus>
				<onfocus>Skin.Reset(HomePictures.Fanart)</onfocus>
				<onfocus>Skin.Reset(PicturesWidgets.Name)</onfocus>
				<onfocus>Skin.Reset(PicturesWidgets.Source)</onfocus>
				<onfocus>Skin.Reset(PicturesWidgets.Path,-)</onfocus>
				<onfocus>Skin.Reset(PicturesWidgets.Target)</onfocus>
				<onfocus>AlarmClock(nextstep,SetFocus(907),0:01,true)</onfocus>
			</control>
			<!-- 80% Definição de Menu de PVR -->
			<control type="button" id="907">
				<include>HiddenObject</include>
				<onfocus>Skin.SetString(autosetting,80)</onfocus>
				<onfocus>AlarmClock(nextstep,SetFocus(908),0:01,true)</onfocus>
			</control>
			<!-- 90% Definição de Menu de Addons -->
			<control type="button" id="908">
				<include>HiddenObject</include>
				<onfocus>Skin.SetString(autosetting,90)</onfocus>
				<onfocus>AlarmClock(nextstep,SetFocus(909),0:01,true)</onfocus>
			</control>
			<!-- 100% Outros Ajustes -->
			<control type="button" id="909">
				<include>HiddenObject</include>
				<!-- Favoritos -->
				<onfocus>Skin.SetString(autosetting,100)</onfocus>
				<onfocus>Skin.Reset(Favourites.Fanart)</onfocus>
				<!-- Definição de MyMenu1 -->
				<onfocus>Skin.Reset(MyMenu1.Title)</onfocus>
				<onfocus>Skin.Reset(MyMenu1.Action)</onfocus>
				<onfocus>Skin.Reset(MyMenu1.Fanart)</onfocus>
				<onfocus>Skin.Reset(MyMenu1Widgets.Name)</onfocus>
				<onfocus>Skin.Reset(MyMenu1.Source)</onfocus>
				<onfocus>Skin.SetString(MyMenu1Widgets.Path,-)</onfocus>
				<onfocus>Skin.Reset(MyMenu1Widgets.Target)</onfocus>
				<onfocus>Skin.Reset(HomeMyMenu1.icon)</onfocus>
				<!-- Definição de MyMenu2 -->
				<onfocus>Skin.Reset(MyMenu2.Title)</onfocus>
				<onfocus>Skin.Reset(MyMenu2.Action)</onfocus>
				<onfocus>Skin.Reset(MyMenu2.Fanart)</onfocus>
				<onfocus>Skin.Reset(MyMenu2Widgets.Name)</onfocus>
				<onfocus>Skin.Reset(MyMenu2.Source)</onfocus>
				<onfocus>Skin.SetString(MyMenu2Widgets.Path,-)</onfocus>
				<onfocus>Skin.Reset(MyMenu2Widgets.Target)</onfocus>
				<onfocus>Skin.Reset(HomeMyMenu2.icon)</onfocus>
				<!-- Definição de MyMenu3 -->
				<onfocus>Skin.Reset(MyMenu3.Title)</onfocus>
				<onfocus>Skin.Reset(MyMenu3.Action)</onfocus>
				<onfocus>Skin.Reset(MyMenu3.Fanart)</onfocus>
				<onfocus>Skin.Reset(MyMenu3Widgets.Name)</onfocus>
				<onfocus>Skin.Reset(MyMenu3.Source)</onfocus>
				<onfocus>Skin.SetString(MyMenu3Widgets.Path,-)</onfocus>
				<onfocus>Skin.Reset(MyMenu3Widgets.Target)</onfocus>
				<onfocus>Skin.Reset(HomeMyMenu3.icon)</onfocus>
				<!-- Definição de MyMenu4 -->
				<onfocus>Skin.Reset(MyMenu4.Title)</onfocus>
				<onfocus>Skin.Reset(MyMenu4.Action)</onfocus>
				<onfocus>Skin.Reset(MyMenu4.Fanart)</onfocus>
				<onfocus>Skin.Reset(MyMenu4Widgets.Name)</onfocus>
				<onfocus>Skin.Reset(MyMenu4.Source)</onfocus>
				<onfocus>Skin.SetString(MyMenu4Widgets.Path,-)</onfocus>
				<onfocus>Skin.Reset(MyMenu4Widgets.Target)</onfocus>
				<onfocus>Skin.Reset(HomeMyMenu4.icon)</onfocus>
				<!-- Definição de MyMenu5 -->
				<onfocus>Skin.Reset(MyMenu5.Title)</onfocus>
				<onfocus>Skin.Reset(MyMenu5.Action)</onfocus>
				<onfocus>Skin.Reset(MyMenu5.Fanart)</onfocus>
				<onfocus>Skin.Reset(MyMenu5Widgets.Name)</onfocus>
				<onfocus>Skin.Reset(MyMenu5.Source)</onfocus>
				<onfocus>Skin.SetString(MyMenu5Widgets.Path,-)</onfocus>
				<onfocus>Skin.Reset(MyMenu5Widgets.Target)</onfocus>
				<onfocus>Skin.Reset(HomeMyMenu5.icon)</onfocus>
				<!-- Definição de MyMenu6 -->
				<onfocus>Skin.Reset(MyMenu6.Title)</onfocus>
				<onfocus>Skin.Reset(MyMenu6.Action)</onfocus>
				<onfocus>Skin.Reset(MyMenu6.Fanart)</onfocus>
				<onfocus>Skin.Reset(MyMenu6Widgets.Name)</onfocus>
				<onfocus>Skin.Reset(MyMenu6.Source)</onfocus>
				<onfocus>Skin.SetString(MyMenu6Widgets.Path,-)</onfocus>
				<onfocus>Skin.Reset(MyMenu6Widgets.Target)</onfocus>
				<onfocus>Skin.Reset(HomeMyMenu6.icon)</onfocus>
				<!-- Definição de MyMenu7 -->
				<onfocus>Skin.Reset(MyMenu7.Title)</onfocus>
				<onfocus>Skin.Reset(MyMenu7.Action)</onfocus>
				<onfocus>Skin.Reset(MyMenu7.Fanart)</onfocus>
				<onfocus>Skin.Reset(MyMenu7Widgets.Name)</onfocus>
				<onfocus>Skin.Reset(MyMenu7.Source)</onfocus>
				<onfocus>Skin.SetString(MyMenu7Widgets.Path,-)</onfocus>
				<onfocus>Skin.Reset(MyMenu7Widgets.Target)</onfocus>
				<onfocus>Skin.Reset(HomeMyMenu7.icon)</onfocus>
				<!-- Definição de MyMenu8 -->
				<onfocus>Skin.Reset(MyMenu8.Title)</onfocus>
				<onfocus>Skin.Reset(MyMenu8.Action)</onfocus>
				<onfocus>Skin.Reset(MyMenu8.Fanart)</onfocus>
				<onfocus>Skin.Reset(MyMenu8Widgets.Name)</onfocus>
				<onfocus>Skin.Reset(MyMenu8.Source)</onfocus>
				<onfocus>Skin.SetString(MyMenu8Widgets.Path,-)</onfocus>
				<onfocus>Skin.Reset(MyMenu8Widgets.Target)</onfocus>
				<onfocus>Skin.Reset(HomeMyMenu8.icon)</onfocus>
				<!-- Definição de MyMenu9 -->
				<onfocus>Skin.Reset(MyMenu9.Title)</onfocus>
				<onfocus>Skin.Reset(MyMenu9.Action)</onfocus>
				<onfocus>Skin.Reset(MyMenu9.Fanart)</onfocus>
				<onfocus>Skin.Reset(MyMenu9Widgets.Name)</onfocus>
				<onfocus>Skin.Reset(MyMenu9.Source)</onfocus>
				<onfocus>Skin.SetString(MyMenu9Widgets.Path,-)</onfocus>
				<onfocus>Skin.Reset(MyMenu9Widgets.Target)</onfocus>
				<onfocus>Skin.Reset(HomeMyMenu9.icon)</onfocus>
				<!-- Definição de MyMenu10 -->
				<onfocus>Skin.Reset(MyMenu10.Title)</onfocus>
				<onfocus>Skin.Reset(MyMenu10.Action)</onfocus>
				<onfocus>Skin.Reset(MyMenu10.Fanart)</onfocus>
				<onfocus>Skin.Reset(MyMenu10Widgets.Name)</onfocus>
				<onfocus>Skin.Reset(MyMenu10.Source)</onfocus>
				<onfocus>Skin.SetString(MyMenu10Widgets.Path,-)</onfocus>
				<onfocus>Skin.Reset(MyMenu10Widgets.Target)</onfocus>
				<onfocus>Skin.Reset(HomeMyMenu10.icon)</onfocus>
				<onfocus>AlarmClock(nextstep,SetFocus(910),0:02,true)</onfocus>
			</control>
			<!-- Finalizando Ajustes -->
			<control type="button" id="910">
				<include>HiddenObject</include>
				<onfocus>Skin.SetString(SubMenu1.Icon,special://skin/extras/home-icons/noicon.png)</onfocus>
				<onfocus>Skin.SetString(SubMenu1.Title,Click To Edit)</onfocus>
				<onfocus>Skin.SetString(SubMenu2.Icon,special://skin/extras/home-icons/noicon.png)</onfocus>
				<onfocus>Skin.SetString(SubMenu2.Title,Click To Edit)</onfocus>
				<onfocus>Skin.SetString(SubMenu3.Icon,special://skin/extras/home-icons/noicon.png)</onfocus>
				<onfocus>Skin.SetString(SubMenu3.Title,Click To Edit)</onfocus>
				<onfocus>Skin.SetString(SubMenu4.Icon,special://skin/extras/home-icons/noicon.png)</onfocus>
				<onfocus>Skin.SetString(SubMenu4.Title,Click To Edit)</onfocus>
				<onfocus>Skin.SetString(SubMenu5.Icon,special://skin/extras/home-icons/noicon.png)</onfocus>
				<onfocus>Skin.SetString(SubMenu5.Title,Click To Edit)</onfocus>
				<onfocus>Skin.SetString(SubMenu6.Icon,special://skin/extras/home-icons/noicon.png)</onfocus>
				<onfocus>Skin.SetString(SubMenu6.Title,Click To Edit)</onfocus>
				<onfocus>Skin.SetString(SubMenu7.Icon,special://skin/extras/home-icons/noicon.png)</onfocus>
				<onfocus>Skin.SetString(SubMenu7.Title,Click To Edit)</onfocus>
				<onfocus>Skin.SetString(SubMenu8.Icon,special://skin/extras/home-icons/noicon.png)</onfocus>
				<onfocus>Skin.SetString(SubMenu8.Title,Click To Edit)</onfocus>
				<onfocus>Skin.SetString(SubMenu9.Icon,special://skin/extras/home-icons/noicon.png)</onfocus>
				<onfocus>Skin.SetString(SubMenu9.Title,Click To Edit)</onfocus>
				<onfocus>Skin.SetString(SubMenu10.Icon,special://skin/extras/home-icons/noicon.png)</onfocus>
				<onfocus>Skin.SetString(SubMenu10.Title,Click To Edit)</onfocus>
				<onfocus>Skin.SetString(SubMenu11.Icon,special://skin/extras/home-icons/noicon.png)</onfocus>
				<onfocus>Skin.SetString(SubMenu11.Title,Click To Edit)</onfocus>
				<onfocus>Skin.SetString(SubMenu12.Icon,special://skin/extras/home-icons/noicon.png)</onfocus>
				<onfocus>Skin.SetString(SubMenu12.Title,Click To Edit)</onfocus>
				<onfocus>Skin.SetString(SubMenu13.Icon,special://skin/extras/home-icons/noicon.png)</onfocus>
				<onfocus>Skin.SetString(SubMenu13.Title,Click To Edit)</onfocus>
				<onfocus>Skin.SetString(SubMenu14.Icon,special://skin/extras/home-icons/noicon.png)</onfocus>
				<onfocus>Skin.SetString(SubMenu14.Title,Click To Edit)</onfocus>
				<onfocus>Skin.SetString(SubMenu15.Icon,special://skin/extras/home-icons/noicon.png)</onfocus>
				<onfocus>Skin.SetString(SubMenu15.Title,Click To Edit)</onfocus>
				<onfocus>Skin.SetString(autosetting,110)</onfocus>
				<onfocus>Skin.SetString(SkinStarted,started)</onfocus>
				<onfocus>AlarmClock(nextstep,SetFocus(911),0:01,true)</onfocus>
			</control>
			<control type="button" id="911">
				<include>HiddenObject</include>
				<onfocus>Skin.SetString(defaultsettings,0)</onfocus>
				<onfocus>ReplaceWindow(home)</onfocus>
			</control>
			<!-- logo -->
			<control type="image">
				<left>0</left>
				<top>175</top>
				<width>1920</width>
				<height>400</height>
				<texture>mediacenter.png</texture>
				<aspectratio align="center" aligny="bottom">keep</aspectratio>
			</control>
			<!-- <control type="label">
				<left>810</left>
				<top>414</top>
				<width>300</width>
				<height>40</height>
				<align>center</align>
				<aligny>center</aligny>
				<label>Media Center Skin</label>
				<font>Font13</font>
				<textcolor>B6FFFAF0</textcolor>
			</control> -->
			<!-- versao -->
			<control type="label">
				<left>1590</left>
				<top>1016</top>
				<width>300</width>
				<height>40</height>
				<align>center</align>
				<aligny>center</aligny>
				<label>$VAR[skin_version]</label>
				<font>Font13</font>
				<textcolor>50FFFAF0</textcolor>
			</control>
			<!-- texto das etapas -->
			<control type="label">
				<left>150</left>
				<top>595</top>
				<width>1620</width>
				<height>300</height>
				<align>center</align>
				<aligny>top</aligny>
				<label>$VAR[settingsstep]</label>
				<font>font_subtitle</font>
				<textcolor>B6FFFAF0</textcolor>
			</control>
			<!-- grafico de progresso -->
			<control type="group">
				<animation effect="fade" start="0" end="100" time="300" delay="2000">WindowOpen</animation>
				<animation effect="fade" start="0" end="100" time="300" delay="2000">Visible</animation>
				<animation effect="fade" start="100" end="0" time="100">Hidden</animation>
				<visible>Integer.IsLess(skin.string(autosetting),110)</visible>
				<!-- Porcentagem -->
				<control type="label" id="915">
					<left>910</left>
					<top>775</top>
					<width>100</width>
					<height>46</height>
					<align>center</align>
					<aligny>center</aligny>
					<label>$INFO[skin.string(autosetting)]%</label>
					<font>font_settings</font>
					<textcolor>B6FFFAF0</textcolor>
					<visible>Integer.IsLess(skin.string(autosetting),110)</visible>
				</control>
				<control type="image">
					<left>880</left>
					<top>720</top>
					<width>160</width>
					<height>160</height>
					<aspectratio alingy="center">keep</aspectratio>
					<texture>dialogs/extendedprogress/loading-back.png</texture>
				</control>
				<control type="image">
					<left>880</left>
					<top>720</top>
					<width>160</width>
					<height>160</height>
					<aspectratio alingy="center">keep</aspectratio>
					<texture>$INFO[skin.string(autosetting),dialogs/volume/progress/p,.png]</texture>
				</control>
				<!-- <control type="image">
					<left>880</left>
					<top>720</top>
					<width>160</width>
					<height>160</height>
					<aspectratio alingy="center">keep</aspectratio>
					<texture>dialogs/extendedprogress/loading.png</texture>
					<animation effect="rotate" center="auto" start="360" end="0" time="1500" loop="true" condition="true">Conditional</animation>
				</control> -->
				<!-- Aviso nao toque -->
				<control type="label">
					<left>150</left>
					<top>970</top>
					<width>1620</width>
					<height>100</height>
					<align>center</align>
					<aligny>top</aligny>
					<label>Definindo Ajustes da Skin</label>
					<font>font12</font>
					<textcolor>B6FFFAF0</textcolor>
				</control>
			</control>
		</control>
	</controls>
</window>
