<?xml version="1.0" encoding="UTF-8"?>
<includes>
	<include name="View_505_ListPics">
		<control type="group">
			<animation effect="slide" start="0,0" end="0,1100" time="500" tween="sine" easing="inout" condition="Control.HasFocus(901)">Conditional</animation>
			<include>OpenClose_Right</include>
			<left>0</left>
			<visible>Control.IsVisible(505)</visible>
			<include>Visible_Right</include>
			<include content="ListContainer505">
				<param name="list_id" value="505"/>
				<param name="right" value="594"/>
				<param name="viewtype_label" value="$LOCALIZE[535]Pics"/>
			</include>
		</control>
	</include>
	<!-- TESTE LABELS -->
	<include name="ListContainer505">
		<control type="label">
			<top>45</top>
			<left>500</left>
			<!-- <label>$INFO[Window(home).Property(SkinHelper.ListItem.Art.ClearLogo)]</label> -->
			<!-- <label>$VAR[viewdisc]</label> -->
			<!-- <label>$INFO[Container.FolderName]</label> -->
			<!-- <label>$INFO[Skin.String(PicsArtsPath)]$INFO[Container.FolderName]\fanarts\$INFO[ListItem.Label,,.jpg]</label> -->
			<!-- $INFO[ListItem.Path,,logo.png] -->
			<!-- <label>$INFO[Container(50).NumItems]</label> -->
			<!-- <label>$INFO[Container(9000).Position(pos)]</label> -->
			<!-- <label>$INFO[Player.Folderpath]discart.png</label> -abel> -->
			<!-- <label>$INFO[Skin.String(MusicArtsPath)]$INFO[ListItem.Artist]</label> -->
			<!-- <label>$INFO[ListItem.Comment]</label> -->
			<textcolor>white</textcolor>
			<align>left</align>
			<scroll>true</scroll>
			<!-- <visible>Control.HasFocus(10)</visible> -->
		</control>
		<!-- Icones Pequenos -->
		<control type="panel" id="505">
			<left>30</left>
			<right>50</right>
			<width>100%</width>
			<height>100%</height>
			<top>100</top>
			<bottom>100</bottom>
			<movement>5</movement>
			<focusposition>6</focusposition>
			<scrolltime tween="cubic" easing="out">500</scrolltime>
			<orientation>vertical</orientation>
			<pagecontrol>80</pagecontrol>
			<onleft>9000</onleft>
			<onright>80</onright>
			<onup>$PARAM[list_id]</onup>
			<ondown>$PARAM[list_id]</ondown>
			<viewtype label="$PARAM[viewtype_label]">list</viewtype>
			<!-- Icones Pequenos -->
			<itemlayout height="400" width="270" condition="String.IsEqual(Skin.String(PicIcon),P)">
				<control type="image">
					<left>0</left>
					<centertop>44%</centertop>
					<width>233</width>
					<height>350</height>
					<texture>$VAR[PosterVar]</texture>
					<bordertexture border="5"/>
					<bordersize>5</bordersize>
					<aspectratio aligny="center" alignx="center">scale</aspectratio>
				</control>
				<control type="textbox">
					<left>5</left>
					<top>355</top>
					<width>220</width>
					<height>35</height>
					<font>font25_narrow</font>
					<align>center</align>
					<scrolltime>200</scrolltime>
					<label>$INFO[ListItem.Label]</label>
				</control>
			</itemlayout>
			<focusedlayout height="400" width="270" condition="String.IsEqual(Skin.String(PicIcon),P)">
				<control type="image">
					<centertop>50%</centertop>
					<width>233</width>
					<height>400</height>
					<texture colordiffuse="button_focus">colors/white.png</texture>
					<bordertexture border="5" colordiffuse="button_focus">colors/white.png</bordertexture>
					<aspectratio aligny="center" alignx="center">stretch</aspectratio>
					<!-- <animation effect="fade" start="30" end="100" time="300" reversible="false">Focus</animation> -->
				</control>
				<control type="image">
					<centertop>44%</centertop>
					<width>233</width>
					<height>350</height>
					<texture>$VAR[PosterVar]</texture>
					<bordertexture border="5" colordiffuse="button_focus">colors/white.png</bordertexture>
					<bordersize>5</bordersize>
					<aspectratio aligny="center" alignx="center">scale</aspectratio>
					<animation effect="fade" start="30" end="100" time="300" reversible="false">Focus</animation>
				</control>
				<control type="textbox">
					<left>5</left>
					<top>355</top>
					<width>220</width>
					<height>35</height>
					<font>font25_narrow</font>
					<align>center</align>
					<scrolltime>200</scrolltime>
					<scroll>true</scroll>
					<label>$INFO[ListItem.Label]</label>
					<autoscroll delay="3000" time="1000" repeat="1000">true</autoscroll>
					<shadowcolor>black</shadowcolor>
				</control>
			</focusedlayout>
			<!-- Icones Medios -->
			<itemlayout height="600" width="368" condition="String.IsEqual(Skin.String(PicIcon),M)">				
				<control type="image">
					<left>0</left>
					<centertop>46%</centertop>
					<width>368</width>
					<height>552</height>
					<texture>$VAR[PosterVar]</texture>
					<bordertexture border="5"/>
					<bordersize>5</bordersize>
					<aspectratio aligny="center" alignx="center">scale</aspectratio>
				</control>
				<control type="textbox">
					<left>0</left>
					<top>553</top>
					<width>368</width>
					<height>35</height>
					<font>font25_narrow</font>
					<align>center</align>
					<scrolltime>200</scrolltime>
					<label>$INFO[ListItem.Label]</label>
					<shadowcolor>black</shadowcolor>
				</control>
			</itemlayout>
			<focusedlayout height="600" width="368" condition="String.IsEqual(Skin.String(PicIcon),M)">
				<control type="image">
					<left>0</left>
					<centertop>50%</centertop>
					<width>368</width>
					<height>600</height>
					<texture colordiffuse="button_focus">colors/white.png</texture>
					<bordertexture border="5" colordiffuse="button_focus">colors/white.png</bordertexture>
					<aspectratio aligny="center" alignx="center">stretch</aspectratio>
				</control>
				<control type="image">
					<left>0</left>
					<centertop>46%</centertop>
					<width>368</width>
					<height>552</height>
					<texture>$VAR[PosterVar]</texture>
					<bordertexture border="5" colordiffuse="button_focus">colors/white.png</bordertexture>
					<bordersize>5</bordersize>
					<aspectratio aligny="center" alignx="center">scale</aspectratio>
					<animation effect="fade" start="30" end="100" time="300" reversible="false">Focus</animation>
				</control>
				<control type="textbox">
					<left>0</left>
					<top>553</top>
					<width>368</width>
					<height>35</height>
					<font>font25_narrow</font>
					<align>center</align>
					<scrolltime>200</scrolltime>
					<autoscroll delay="3000" time="1000" repeat="1000">true</autoscroll>
					<label>$INFO[ListItem.Label]</label>
					<shadowcolor>black</shadowcolor>
				</control>
			</focusedlayout>
			<!-- Icones Grandes -->
			<itemlayout height="750" width="460" condition="String.IsEqual(Skin.String(PicIcon),G)">
				<control type="image">
					<left>20</left>
					<centertop>46%</centertop>
					<width>460</width>
					<height>690</height>
					<texture>$VAR[PosterVar]</texture>
					<bordertexture border="5"/>
					<bordersize>5</bordersize>
					<aspectratio aligny="center" alignx="center">scale</aspectratio>
				</control>
				<control type="textbox">
					<left>22</left>
					<top>680</top>
					<width>450</width>
					<height>70</height>
					<font>font25_narrow</font>
					<align>center</align>
					<scrolltime>200</scrolltime>
					<label>$INFO[ListItem.Label]</label>				
				</control>
			</itemlayout>
			<focusedlayout height="750" width="460" condition="String.IsEqual(Skin.String(PicIcon),G)">
				<control type="image">
					<left>20</left>
					<centertop>50%</centertop>
					<width>460</width>
					<height>750</height>
					<texture colordiffuse="button_focus">colors/white.png</texture>
					<bordertexture border="5" colordiffuse="button_focus">colors/white.png</bordertexture>
					<aspectratio aligny="center" alignx="center">stretch</aspectratio>
					<!-- <animation effect="fade" start="30" end="100" time="300" reversible="false">Focus</animation> -->
				</control>
				<control type="image">
					<left>20</left>
					<centertop>46%</centertop>
					<width>460</width>
					<height>690</height>
					<texture>$VAR[PosterVar]</texture>
					<bordertexture border="5" colordiffuse="button_focus">colors/white.png</bordertexture>
					<bordersize>5</bordersize>
					<aspectratio aligny="center" alignx="center">scale</aspectratio>
					<animation effect="fade" start="30" end="100" time="300" reversible="false">Focus</animation>
				</control>
				<control type="textbox">
					<left>22</left>
					<top>680</top>
					<width>450</width>
					<height>70</height>
					<font>font25_narrow</font>
					<align>center</align>
					<scrolltime>200</scrolltime>
					<autoscroll delay="3000" time="1000" repeat="10000">true</autoscroll>
					<label>$INFO[ListItem.Label]</label>
					<shadowcolor>black</shadowcolor>
				</control>
			</focusedlayout>
		</control>
		<control type="scrollbar" id="80">
				<right>0</right>
				<top>100</top>
				<width>12</width>
				<bottom>80</bottom>
				<onleft>505</onleft>
				<onright>505</onright>
				<orientation>vertical</orientation>
				<animation effect="slide" end="12" time="300" tween="sine" easing="inout" condition="!Control.HasFocus(80)">conditional</animation>
			</control>
	</include>
</includes>
