<?xml version="1.0" encoding="utf-8"?>
<window id="1113" type="dialog">
	<defaultcontrol>300</defaultcontrol>
	<include>Animation_DialogPopupOpenClose</include>
	<controls>
		<control type="group">
			<centertop>50%</centertop>
			<centerleft>50%</centerleft>
			<height>750</height>
			<width>1220</width>
			<include content="DialogBackgroundCommons">
				<param name="width" value="1220"/>
				<param name="height" value="750"/>
				<param name="header_label" value="SubMenu"/>
				<param name="header_id" value="1"/>
			</include>
			<control type="image">
				<left>0</left>
				<top>80</top>
				<width>920</width>
				<bottom>2</bottom>
				<texture border="40">buttons/dialogbutton-nofo.png</texture>
			</control>
			<control type="list" id="300">
				<left>20</left>
				<top>100</top>
				<width>880</width>
				<bottom>20</bottom>
				<onup>300</onup>
				<ondown>300</ondown>
				<onleft>301</onleft>
				<onright>301</onright>
				<scrolltime>200</scrolltime>
				<itemlayout height="100" width="880">
					<control type="image">
						<left>12</left>
						<top>0</top>
						<width>100</width>
						<height>100</height>
						<texture>$VAR[InfoWallThumbVar]</texture>
						<aspectratio>keep</aspectratio>
					</control>
					<control type="label">
						<left>135</left>
						<top>0</top>
						<right>20</right>
						<height>60</height>
						<font>font14</font>
						<aligny>center</aligny>
						<label>$INFO[ListItem.Label]</label>
					</control>
				</itemlayout>
				<focusedlayout height="100" width="880">
					<control type="image">
						<visible>Control.HasFocus(300)</visible>
						<left>0</left>
						<top>0</top>
						<right>0</right>
						<bottom>0</bottom>
						<texture colordiffuse="button_focus">lists/focus.png</texture>
					</control>
					<control type="image">
						<left>12</left>
						<top>0</top>
						<width>100</width>
						<height>100</height>
						<texture>$VAR[InfoWallThumbVar]</texture>
						<aspectratio>keep</aspectratio>
					</control>
					<control type="label">
						<left>135</left>
						<top>0</top>
						<right>20</right>
						<height>60</height>
						<aligny>center</aligny>
						<scroll>true</scroll>
						<font>font14</font>
						<label>$INFO[ListItem.Label]</label>
					</control>
				</focusedlayout>
				<content>
					<item>
						<property name="id">SubMenu1</property>
						<label>$INFO[Skin.String(SubMenu1.Title)]</label>
						<onclick>RunScript(script.skinshortcuts,type=shortcuts&amp;skinLabel=SubMenu1.Title&amp;skinAction=SubMenu1.Action&amp;skinThumbnail=SubMenu1.Icon)</onclick>
						<thumb>$INFO[Skin.String(SubMenu1.Icon)]</thumb>
					</item>
					<item>
						<property name="id">SubMenu2</property>
						<label>$INFO[Skin.String(SubMenu2.Title)]</label>
						<onclick>RunScript(script.skinshortcuts,type=shortcuts&amp;skinLabel=SubMenu2.Title&amp;skinAction=SubMenu2.Action&amp;skinThumbnail=SubMenu2.Icon)</onclick>
						<thumb>$INFO[Skin.String(SubMenu2.Icon)]</thumb>
					</item>
					<item>
						<property name="id">SubMenu3</property>
						<label>$INFO[Skin.String(SubMenu3.Title)]</label>
						<onclick>RunScript(script.skinshortcuts,type=shortcuts&amp;skinLabel=SubMenu3.Title&amp;skinAction=SubMenu3.Action&amp;skinThumbnail=SubMenu3.Icon)</onclick>
						<thumb>$INFO[Skin.String(SubMenu3.Icon)]</thumb>
					</item>
					<item>
						<property name="id">SubMenu4</property>
						<label>$INFO[Skin.String(SubMenu4.Title)]</label>
						<onclick>RunScript(script.skinshortcuts,type=shortcuts&amp;skinLabel=SubMenu4.Title&amp;skinAction=SubMenu4.Action&amp;skinThumbnail=SubMenu4.Icon)</onclick>
						<thumb>$INFO[Skin.String(SubMenu4.Icon)]</thumb>
					</item>
					<item>
						<property name="id">SubMenu5</property>
						<label>$INFO[Skin.String(SubMenu5.Title)]</label>
						<onclick>RunScript(script.skinshortcuts,type=shortcuts&amp;skinLabel=SubMenu5.Title&amp;skinAction=SubMenu5.Action&amp;skinThumbnail=SubMenu5.Icon)</onclick>
						<thumb>$INFO[Skin.String(SubMenu5.Icon)]</thumb>
					</item>
					<item>
						<property name="id">SubMenu6</property>
						<label>$INFO[Skin.String(SubMenu6.Title)]</label>
						<onclick>RunScript(script.skinshortcuts,type=shortcuts&amp;skinLabel=SubMenu6.Title&amp;skinAction=SubMenu6.Action&amp;skinThumbnail=SubMenu6.Icon)</onclick>
						<thumb>$INFO[Skin.String(SubMenu6.Icon)]</thumb>
					</item>
					<item>
						<property name="id">SubMenu7</property>
						<label>$INFO[Skin.String(SubMenu7.Title)]</label>
						<onclick>RunScript(script.skinshortcuts,type=shortcuts&amp;skinLabel=SubMenu7.Title&amp;skinAction=SubMenu7.Action&amp;skinThumbnail=SubMenu7.Icon)</onclick>
						<thumb>$INFO[Skin.String(SubMenu7.Icon)]</thumb>
					</item>
					<item>
						<property name="id">SubMenu8</property>
						<label>$INFO[Skin.String(SubMenu8.Title)]</label>
						<onclick>RunScript(script.skinshortcuts,type=shortcuts&amp;skinLabel=SubMenu8.Title&amp;skinAction=SubMenu8.Action&amp;skinThumbnail=SubMenu8.Icon)</onclick>
						<thumb>$INFO[Skin.String(SubMenu8.Icon)]</thumb>
					</item>
					<item>
						<property name="id">SubMenu9</property>
						<label>$INFO[Skin.String(SubMenu9.Title)]</label>
						<onclick>RunScript(script.skinshortcuts,type=shortcuts&amp;skinLabel=SubMenu9.Title&amp;skinAction=SubMenu9.Action&amp;skinThumbnail=SubMenu9.Icon)</onclick>
						<thumb>$INFO[Skin.String(SubMenu9.Icon)]</thumb>
					</item>
					<item>
						<property name="id">SubMenu10</property>
						<label>$INFO[Skin.String(SubMenu10.Title)]</label>
						<onclick>RunScript(script.skinshortcuts,type=shortcuts&amp;skinLabel=SubMenu10.Title&amp;skinAction=SubMenu10.Action&amp;skinThumbnail=SubMenu10.Icon)</onclick>
						<thumb>$INFO[Skin.String(SubMenu10.Icon)]</thumb>
					</item>
					<item>
						<property name="id">SubMenu11</property>
						<label>$INFO[Skin.String(SubMenu11.Title)]</label>
						<onclick>RunScript(script.skinshortcuts,type=shortcuts&amp;skinLabel=SubMenu11.Title&amp;skinAction=SubMenu11.Action&amp;skinThumbnail=SubMenu11.Icon)</onclick>
						<thumb>$INFO[Skin.String(SubMenu11.Icon)]</thumb>
					</item>
					<item>
						<property name="id">SubMenu12</property>
						<label>$INFO[Skin.String(SubMenu12.Title)]</label>
						<onclick>RunScript(script.skinshortcuts,type=shortcuts&amp;skinLabel=SubMenu12.Title&amp;skinAction=SubMenu12.Action&amp;skinThumbnail=SubMenu12.Icon)</onclick>
						<thumb>$INFO[Skin.String(SubMenu12.Icon)]</thumb>
					</item>
					<item>
						<property name="id">SubMenu13</property>
						<label>$INFO[Skin.String(SubMenu13.Title)]</label>
						<onclick>RunScript(script.skinshortcuts,type=shortcuts&amp;skinLabel=SubMenu13.Title&amp;skinAction=SubMenu13.Action&amp;skinThumbnail=SubMenu13.Icon)</onclick>
						<thumb>$INFO[Skin.String(SubMenu13.Icon)]</thumb>
					</item>
					<item>
						<property name="id">SubMenu14</property>
						<label>$INFO[Skin.String(SubMenu14.Title)]</label>
						<onclick>RunScript(script.skinshortcuts,type=shortcuts&amp;skinLabel=SubMenu14.Title&amp;skinAction=SubMenu14.Action&amp;skinThumbnail=SubMenu14.Icon)</onclick>
						<thumb>$INFO[Skin.String(SubMenu14.Icon)]</thumb>
					</item>
					<item>
						<property name="id">SubMenu15</property>
						<label>$INFO[Skin.String(SubMenu15.Title)]</label>
						<onclick>RunScript(script.skinshortcuts,type=shortcuts&amp;skinLabel=SubMenu15.Title&amp;skinAction=SubMenu15.Action&amp;skinThumbnail=SubMenu15.Icon)</onclick>
						<thumb>$INFO[Skin.String(SubMenu15.Icon)]</thumb>
					</item>
				</content>
			</control>
			<control type="grouplist" id="301">
				<left>920</left>
				<top>80</top>
				<onleft>300</onleft>
				<itemgap>dialogbuttons_itemgap</itemgap>
				<onright>300</onright>
				<ondown>302</ondown>
				<include content="DefaultDialogButton">
					<param name="id" value="1"/>
					<param name="label" value="Change Icon"/>
					<param name="onclick" value="Skin.SetImage(SubMenu1.Icon,special://skin\extras\home-icons)"/>
					<param name="visible" value="String.IsEqual(Container(300).ListItem.Property(id),SubMenu1)"/>
				</include>
				<include content="DefaultDialogButton">
					<param name="id" value="2"/>
					<param name="label" value="Clear Item"/>
					<param name="onclick" value="Skin.SetString(SubMenu1.Icon,special://skin/extras/home-icons/noicon.png)"/>
					<param name="onclick2" value="Skin.Reset(SubMenu1.Action)"/>
					<param name="onclick3" value="Skin.SetString(SubMenu1.Title,Click To Edit)"/>
					<param name="visible" value="String.IsEqual(Container(300).ListItem.Property(id),SubMenu1)"/>
				</include>
				<include content="DefaultDialogButton">
					<param name="id" value="3"/>
					<param name="label" value="Change Icon"/>
					<param name="onclick" value="Skin.SetImage(SubMenu2.Icon,special://skin\extras\home-icons)"/>
					<param name="visible" value="String.IsEqual(Container(300).ListItem.Property(id),SubMenu2)"/>
				</include>
				<include content="DefaultDialogButton">
					<param name="id" value="4"/>
					<param name="label" value="Clear Item"/>
					<param name="onclick" value="Skin.SetString(SubMenu2.Icon,special://skin/extras/home-icons/noicon.png)"/>
					<param name="onclick2" value="Skin.Reset(SubMenu2.Action)"/>
					<param name="onclick3" value="Skin.SetString(SubMenu2.Title,Click To Edit)"/>
					<param name="visible" value="String.IsEqual(Container(300).ListItem.Property(id),SubMenu2)"/>
				</include>
				<include content="DefaultDialogButton">
					<param name="id" value="5"/>
					<param name="label" value="Change Icon"/>
					<param name="onclick" value="Skin.SetImage(SubMenu3.Icon,special://skin\extras\home-icons)"/>
					<param name="visible" value="String.IsEqual(Container(300).ListItem.Property(id),SubMenu3)"/>
				</include>
				<include content="DefaultDialogButton">
					<param name="id" value="6"/>
					<param name="label" value="Clear Item"/>
					<param name="onclick" value="Skin.SetString(SubMenu3.Icon,special://skin/extras/home-icons/noicon.png)"/>
					<param name="onclick2" value="Skin.Reset(SubMenu3.Action)"/>
					<param name="onclick3" value="Skin.SetString(SubMenu3.Title,Click To Edit)"/>
					<param name="visible" value="String.IsEqual(Container(300).ListItem.Property(id),SubMenu3)"/>
				</include>
				<include content="DefaultDialogButton">
					<param name="id" value="7"/>
					<param name="label" value="Change Icon"/>
					<param name="onclick" value="Skin.SetImage(SubMenu4.Icon,special://skin\extras\home-icons)"/>
					<param name="visible" value="String.IsEqual(Container(300).ListItem.Property(id),SubMenu4)"/>
				</include>
				<include content="DefaultDialogButton">
					<param name="id" value="8"/>
					<param name="label" value="Clear Item"/>
					<param name="onclick" value="Skin.SetString(SubMenu4.Icon,special://skin/extras/home-icons/noicon.png)"/>
					<param name="onclick2" value="Skin.Reset(SubMenu4.Action)"/>
					<param name="onclick3" value="Skin.SetString(SubMenu4.Title,Click To Edit)"/>
					<param name="visible" value="String.IsEqual(Container(300).ListItem.Property(id),SubMenu4)"/>
				</include>
				<include content="DefaultDialogButton">
					<param name="id" value="9"/>
					<param name="label" value="Change Icon"/>
					<param name="onclick" value="Skin.SetImage(SubMenu5.Icon,special://skin\extras\home-icons)"/>
					<param name="visible" value="String.IsEqual(Container(300).ListItem.Property(id),SubMenu5)"/>
				</include>
				<include content="DefaultDialogButton">
					<param name="id" value="10"/>
					<param name="label" value="Clear Item"/>
					<param name="onclick" value="Skin.SetString(SubMenu5.Icon,special://skin/extras/home-icons/noicon.png)"/>
					<param name="onclick2" value="Skin.Reset(SubMenu5.Action)"/>
					<param name="onclick3" value="Skin.SetString(SubMenu5.Title,Click To Edit)"/>
					<param name="visible" value="String.IsEqual(Container(300).ListItem.Property(id),SubMenu5)"/>
				</include>
				<include content="DefaultDialogButton">
					<param name="id" value="11"/>
					<param name="label" value="Change Icon"/>
					<param name="onclick" value="Skin.SetImage(SubMenu6.Icon,special://skin\extras\home-icons)"/>
					<param name="visible" value="String.IsEqual(Container(300).ListItem.Property(id),SubMenu6)"/>
				</include>
				<include content="DefaultDialogButton">
					<param name="id" value="12"/>
					<param name="label" value="Clear Item"/>
					<param name="onclick" value="Skin.SetString(SubMenu6.Icon,special://skin/extras/home-icons/noicon.png)"/>
					<param name="onclick2" value="Skin.Reset(SubMenu6.Action)"/>
					<param name="onclick3" value="Skin.SetString(SubMenu6.Title,Click To Edit)"/>
					<param name="visible" value="String.IsEqual(Container(300).ListItem.Property(id),SubMenu6)"/>
				</include>
				<include content="DefaultDialogButton">
					<param name="id" value="13"/>
					<param name="label" value="Change Icon"/>
					<param name="onclick" value="Skin.SetImage(SubMenu7.Icon,special://skin\extras\home-icons)"/>
					<param name="visible" value="String.IsEqual(Container(300).ListItem.Property(id),SubMenu7)"/>
				</include>
				<include content="DefaultDialogButton">
					<param name="id" value="14"/>
					<param name="label" value="Clear Item"/>
					<param name="onclick" value="Skin.SetString(SubMenu7.Icon,special://skin/extras/home-icons/noicon.png)"/>
					<param name="onclick2" value="Skin.Reset(SubMenu7.Action)"/>
					<param name="onclick3" value="Skin.SetString(SubMenu7.Title,Click To Edit)"/>
					<param name="visible" value="String.IsEqual(Container(300).ListItem.Property(id),SubMenu7)"/>
				</include>
				<include content="DefaultDialogButton">
					<param name="id" value="15"/>
					<param name="label" value="Change Icon"/>
					<param name="onclick" value="Skin.SetImage(SubMenu8.Icon,special://skin\extras\home-icons)"/>
					<param name="visible" value="String.IsEqual(Container(300).ListItem.Property(id),SubMenu8)"/>
				</include>
				<include content="DefaultDialogButton">
					<param name="id" value="16"/>
					<param name="label" value="Clear Item"/>
					<param name="onclick" value="Skin.SetString(SubMenu8.Icon,special://skin/extras/home-icons/noicon.png)"/>
					<param name="onclick2" value="Skin.Reset(SubMenu8.Action)"/>
					<param name="onclick3" value="Skin.SetString(SubMenu8.Title,Click To Edit)"/>
					<param name="visible" value="String.IsEqual(Container(300).ListItem.Property(id),SubMenu8)"/>
				</include>
				<include content="DefaultDialogButton">
					<param name="id" value="17"/>
					<param name="label" value="Change Icon"/>
					<param name="onclick" value="Skin.SetImage(SubMenu9.Icon,special://skin\extras\home-icons)"/>
					<param name="visible" value="String.IsEqual(Container(300).ListItem.Property(id),SubMenu9)"/>
				</include>
				<include content="DefaultDialogButton">
					<param name="id" value="18"/>
					<param name="label" value="Clear Item"/>
					<param name="onclick" value="Skin.SetString(SubMenu9.Icon,special://skin/extras/home-icons/noicon.png)"/>
					<param name="onclick2" value="Skin.Reset(SubMenu9.Action)"/>
					<param name="onclick3" value="Skin.SetString(SubMenu9.Title,Click To Edit)"/>
					<param name="visible" value="String.IsEqual(Container(300).ListItem.Property(id),SubMenu9)"/>
				</include>
				<include content="DefaultDialogButton">
					<param name="id" value="19"/>
					<param name="label" value="Change Icon"/>
					<param name="onclick" value="Skin.SetImage(SubMenu10.Icon,special://skin\extras\home-icons)"/>
					<param name="visible" value="String.IsEqual(Container(300).ListItem.Property(id),SubMenu10)"/>
				</include>
				<include content="DefaultDialogButton">
					<param name="id" value="20"/>
					<param name="label" value="Clear Item"/>
					<param name="onclick" value="Skin.SetString(SubMenu10.Icon,special://skin/extras/home-icons/noicon.png)"/>
					<param name="onclick2" value="Skin.Reset(SubMenu10.Action)"/>
					<param name="onclick3" value="Skin.SetString(SubMenu10.Title,Click To Edit)"/>
					<param name="visible" value="String.IsEqual(Container(300).ListItem.Property(id),SubMenu10)"/>
				</include>
				<include content="DefaultDialogButton">
					<param name="id" value="21"/>
					<param name="label" value="Change Icon"/>
					<param name="onclick" value="Skin.SetImage(SubMenu11.Icon,special://skin\extras\home-icons)"/>
					<param name="visible" value="String.IsEqual(Container(300).ListItem.Property(id),SubMenu11)"/>
				</include>
				<include content="DefaultDialogButton">
					<param name="id" value="22"/>
					<param name="label" value="Clear Item"/>
					<param name="onclick" value="Skin.SetString(SubMenu11.Icon,special://skin/extras/home-icons/noicon.png)"/>
					<param name="onclick2" value="Skin.Reset(SubMenu11.Action)"/>
					<param name="onclick3" value="Skin.SetString(SubMenu11.Title,Click To Edit)"/>
					<param name="visible" value="String.IsEqual(Container(300).ListItem.Property(id),SubMenu11)"/>
				</include>
				<include content="DefaultDialogButton">
					<param name="id" value="23"/>
					<param name="label" value="Change Icon"/>
					<param name="onclick" value="Skin.SetImage(SubMenu12.Icon,special://skin\extras\home-icons)"/>
					<param name="visible" value="String.IsEqual(Container(300).ListItem.Property(id),SubMenu12)"/>
				</include>
				<include content="DefaultDialogButton">
					<param name="id" value="16"/>
					<param name="label" value="Clear Item"/>
					<param name="onclick" value="Skin.SetString(SubMenu12.Icon,special://skin/extras/home-icons/noicon.png)"/>
					<param name="onclick2" value="Skin.Reset(SubMenu12.Action)"/>
					<param name="onclick3" value="Skin.SetString(SubMenu12.Title,Click To Edit)"/>
					<param name="visible" value="String.IsEqual(Container(300).ListItem.Property(id),SubMenu12)"/>
				</include>
				<include content="DefaultDialogButton">
					<param name="id" value="24"/>
					<param name="label" value="Change Icon"/>
					<param name="onclick" value="Skin.SetImage(SubMenu13.Icon,special://skin\extras\home-icons)"/>
					<param name="visible" value="String.IsEqual(Container(300).ListItem.Property(id),SubMenu13)"/>
				</include>
				<include content="DefaultDialogButton">
					<param name="id" value="25"/>
					<param name="label" value="Clear Item"/>
					<param name="onclick" value="Skin.SetString(SubMenu13.Icon,special://skin/extras/home-icons/noicon.png)"/>
					<param name="onclick2" value="Skin.Reset(SubMenu13.Action)"/>
					<param name="onclick3" value="Skin.SetString(SubMenu13.Title,Click To Edit)"/>
					<param name="visible" value="String.IsEqual(Container(300).ListItem.Property(id),SubMenu13)"/>
				</include>
				<include content="DefaultDialogButton">
					<param name="id" value="26"/>
					<param name="label" value="Change Icon"/>
					<param name="onclick" value="Skin.SetImage(SubMenu14.Icon,special://skin\extras\home-icons)"/>
					<param name="visible" value="String.IsEqual(Container(300).ListItem.Property(id),SubMenu14)"/>
				</include>
				<include content="DefaultDialogButton">
					<param name="id" value="27"/>
					<param name="label" value="Clear Item"/>
					<param name="onclick" value="Skin.SetString(SubMenu14.Icon,special://skin/extras/home-icons/noicon.png)"/>
					<param name="onclick2" value="Skin.Reset(SubMenu14.Action)"/>
					<param name="onclick3" value="Skin.SetString(SubMenu14.Title,Click To Edit)"/>
					<param name="visible" value="String.IsEqual(Container(300).ListItem.Property(id),SubMenu14)"/>
				</include>
				<include content="DefaultDialogButton">
					<param name="id" value="28"/>
					<param name="label" value="Change Icon"/>
					<param name="onclick" value="Skin.SetImage(SubMenu15.Icon,special://skin\extras\home-icons)"/>
					<param name="visible" value="String.IsEqual(Container(300).ListItem.Property(id),SubMenu15)"/>
				</include>
				<include content="DefaultDialogButton">
					<param name="id" value="29"/>
					<param name="label" value="Clear Item"/>
					<param name="onclick" value="Skin.SetString(SubMenu15.Icon,special://skin/extras/home-icons/noicon.png)"/>
					<param name="onclick2" value="Skin.Reset(SubMenu15.Action)"/>
					<param name="onclick3" value="Skin.SetString(SubMenu15.Title,Click To Edit)"/>
					<param name="visible" value="String.IsEqual(Container(300).ListItem.Property(id),SubMenu15)"/>
				</include>
				<control type="label" id="30">
					<left>920</left>
					<top>80</top>
					<width>300</width>
					<height>50</height>
					<align>center</align>
					<aligny>center</aligny>
					<label>All Itens</label>
					<font>font10</font>
					<textcolor>button_focus</textcolor>
				</control>
				<control type="button" id="20">
					<width>300</width>
					<height>100</height>
					<label>Clear All</label>
					<font>font25_title</font>
					<textoffsetx>20</textoffsetx>
					<onclick>Skin.SetString(SubMenu1.Icon,special://skin/extras/home-icons/noicon.png)</onclick>
					<onclick>Skin.SetString(SubMenu1.Title,Click To Edit)</onclick>
					<onclick>Skin.SetString(SubMenu2.Icon,special://skin/extras/home-icons/noicon.png)</onclick>
					<onclick>Skin.SetString(SubMenu2.Title,Click To Edit)</onclick>
					<onclick>Skin.SetString(SubMenu3.Icon,special://skin/extras/home-icons/noicon.png)</onclick>
					<onclick>Skin.SetString(SubMenu3.Title,Click To Edit)</onclick>
					<onclick>Skin.SetString(SubMenu4.Icon,special://skin/extras/home-icons/noicon.png)</onclick>
					<onclick>Skin.SetString(SubMenu4.Title,Click To Edit)</onclick>
					<onclick>Skin.SetString(SubMenu5.Icon,special://skin/extras/home-icons/noicon.png)</onclick>
					<onclick>Skin.SetString(SubMenu5.Title,Click To Edit)</onclick>
					<onclick>Skin.SetString(SubMenu6.Icon,special://skin/extras/home-icons/noicon.png)</onclick>
					<onclick>Skin.SetString(SubMenu6.Title,Click To Edit)</onclick>
					<onclick>Skin.SetString(SubMenu7.Icon,special://skin/extras/home-icons/noicon.png)</onclick>
					<onclick>Skin.SetString(SubMenu7.Title,Click To Edit)</onclick>
					<onclick>Skin.SetString(SubMenu8.Icon,special://skin/extras/home-icons/noicon.png)</onclick>
					<onclick>Skin.SetString(SubMenu8.Title,Click To Edit)</onclick>
					<onclick>Skin.SetString(SubMenu9.Icon,special://skin/extras/home-icons/noicon.png)</onclick>
					<onclick>Skin.SetString(SubMenu9.Title,Click To Edit)</onclick>
					<onclick>Skin.SetString(SubMenu10.Icon,special://skin/extras/home-icons/noicon.png)</onclick>
					<onclick>Skin.SetString(SubMenu10.Title,Click To Edit)</onclick>
					<onclick>Skin.SetString(SubMenu11.Icon,special://skin/extras/home-icons/noicon.png)</onclick>
					<onclick>Skin.SetString(SubMenu11.Title,Click To Edit)</onclick>
					<onclick>Skin.SetString(SubMenu12.Icon,special://skin/extras/home-icons/noicon.png)</onclick>
					<onclick>Skin.SetString(SubMenu12.Title,Click To Edit)</onclick>
					<onclick>Skin.SetString(SubMenu13.Icon,special://skin/extras/home-icons/noicon.png)</onclick>
					<onclick>Skin.SetString(SubMenu13.Title,Click To Edit)</onclick>
					<onclick>Skin.SetString(SubMenu14.Icon,special://skin/extras/home-icons/noicon.png)</onclick>
					<onclick>Skin.SetString(SubMenu14.Title,Click To Edit)</onclick>
					<onclick>Skin.SetString(SubMenu15.Icon,special://skin/extras/home-icons/noicon.png)</onclick>
					<onclick>Skin.SetString(SubMenu15.Title,Click To Edit)</onclick>
					<align>center</align>
					<texturefocus border="40" colordiffuse="button_focus">buttons/dialogbutton-fo.png</texturefocus>
					<texturenofocus border="40">buttons/dialogbutton-nofo.png</texturenofocus>
				</control>
			</control>
		</control>
	</controls>
</window>