<?xml version="1.0" encoding="UTF-8"?>
<includes>
	<include name="Home_Widgets">
		<visible>String.IsEmpty(Player.Hasaudio)</visible>
		<!-- Grupo de Widgets -->
		<control type="group">
			<bottom>130</bottom>
			<height>500</height>
			<left>-2</left>
			<animation type="Conditional" condition="Player.HasMedia + Skin.HasSetting(showhomenowplaying)" reversible="true">
				<effect type="slide" end="0,540" time="500" tween="sine"/>
			</animation>
			<animation type="Conditional" condition="Control.IsVisible(20000)" reversible="false">
				<effect type="slide" end="0,20" time="60" tween="sine"/>
				<effect type="slide" end="0,-20" time="180" tween="sine" delay="80"/>
			</animation>
			<animation type="Conditional" condition="Control.IsVisible(20001)" reversible="false">
				<effect type="slide" end="0,-20" time="60" tween="sine"/>
				<effect type="slide" end="0,20" time="180" tween="sine" delay="80"/>
			</animation>
			<include>OpenClose_Down</include>
			<!-- Widgets do Topo Default -->
			<control type="group" id="2000">
				<include>Widget_Display_Top</include>
				<!-- Jogos ID 8000 -->
				<control type="group">
					<visible>String.IsEqual(Container(9000).ListItem.Property(id),games)</visible>
					<visible>!Control.HasFocus(9001)</visible>
					<include content="Visible_Bottom_Delayed">
						<param name="id" value="games"/>
					</include>
					<control type="list" id="1">
						<visible allowhiddenfocus="true">Control.HasFocus(1)</visible>
						<include>SortWidgetsListTop</include>
						<content>
							<item>
								<label>$LOCALIZE[31241]</label>
								<onclick>Skin.SetString(GamesWidgets.Sort, year)</onclick>
							</item>
							<item>
								<label>$LOCALIZE[31213]</label>
								<onclick>Skin.SetString(GamesWidgets.Sort, name)</onclick>
							</item>
							<item>
								<label>$LOCALIZE[31197]</label>
								<onclick>Skin.SetString(GamesWidgets.Sort, genre)</onclick>
							</item>
							<item>
								<label>$LOCALIZE[31146]</label>
								<onclick>Skin.SetString(GamesWidgets.Sort, studio)</onclick>
							</item>
							<item>
								<label>$LOCALIZE[31214]</label>
								<onclick>Skin.SetString(GamesWidgets.Sort, default)</onclick>
							</item>
						</content>
					</control>
					<control type="grouplist" id="8000">
						<onup>1</onup>
						<ondown>800</ondown>
						<include content="WidgetListHomePoster">
							<param name="content_path" value="$INFO[Skin.String(GamesWidgets.Path)]"/>
							<param name="widget_target" value="$INFO[Skin.String(GamesWidgets.Target)]"/>
							<param name="sortby" value="$INFO[Skin.String(GamesWidgets.Sort)]"/>
							<param name="sortorder" value="ascending"/>
							<param name="list_id" value="10"/>
							<param name="fallback_icon" value="defaultgames.png"/>
							<param name="aligny" value="bottom"/>
							<param name="aspect" value="keep"/>
						</include>
					</control>
					<control type="textbox">
						<visible>String.IsEmpty(Skin.String(GamesWidgets.Target))</visible>
						<top>300</top>
						<left>210</left>
						<width>1500</width>
						<height>100</height>
						<label>$LOCALIZE[31162]</label>
						<align>center</align>
					</control>
					<control type="label">
						<include>WidgetLabel</include>
						<label>$INFO[Skin.String(GamesWidgets.Name)] ● $LOCALIZE[31236]: $VAR[GamesSortTagVar]</label>
					</control>
				</control>
				<!-- Filmes ID 5000 -->
				<control type="group">
					<visible>String.IsEqual(Container(9000).ListItem.Property(id),movies)</visible>
					<include content="Visible_Bottom_Delayed">
						<param name="id" value="movies"/>
					</include>
					<control type="list" id="1">
						<visible allowhiddenfocus="true">Control.HasFocus(1)</visible>
						<include>SortWidgetsListTop</include>
						<content>
							<item>
								<label>$LOCALIZE[31241]</label>
								<onclick>Skin.SetString(MoviesWidgets.Sort, year)</onclick>
							</item>
							<item>
								<label>$LOCALIZE[31213]</label>
								<onclick>Skin.SetString(MoviesWidgets.Sort, name)</onclick>
							</item>
							<item>
								<label>$LOCALIZE[31197]</label>
								<onclick>Skin.SetString(MoviesWidgets.Sort, genre)</onclick>
							</item>
							<item>
								<label>$LOCALIZE[31146]</label>
								<onclick>Skin.SetString(MoviesWidgets.Sort, studio)</onclick>
							</item>
							<item>
								<label>$LOCALIZE[31214]</label>
								<onclick>Skin.SetString(MoviesWidgets.Sort, default)</onclick>
							</item>
						</content>
					</control>
					<control type="grouplist" id="5000">
						<onup>1</onup>
						<ondown>800</ondown>
						<include content="WidgetListHomePoster">
							<param name="content_path" value="$INFO[Skin.String(MoviesWidgets.Path)]"/>
							<param name="widget_target" value="$INFO[Skin.String(MoviesWidgets.Target)]"/>
							<param name="sortby" value="$INFO[Skin.String(MoviesWidgets.Sort)]"/>
							<param name="sortorder" value=""/>
							<param name="list_id" value="10"/>
							<param name="fallback_icon" value="defaultmovies.png"/>
							<param name="aligny" value="bottom"/>
							<param name="aspect" value="keep"/>
						</include>
					</control>
					<control type="textbox">
						<visible>String.IsEmpty(Skin.String(MoviesWidgets.Target))</visible>
						<top>300</top>
						<left>210</left>
						<width>1500</width>
						<height>100</height>
						<label>$LOCALIZE[31105]</label>
						<align>center</align>
					</control>
					<control type="label">
						<include>WidgetLabel</include>
						<label>$INFO[Skin.String(MoviesWidgets.Name)] ● $LOCALIZE[31236]: $VAR[MoviesSortTagVar]</label>
					</control>
				</control>
				<!-- Seriados ID 6000 -->
				<control type="group">
					<visible>String.IsEqual(Container(9000).ListItem.Property(id),tvshows)</visible>
					<include content="Visible_Bottom_Delayed">
						<param name="id" value="tvshows"/>
					</include>
					<control type="list" id="1">
						<visible allowhiddenfocus="true">Control.HasFocus(1)</visible>
						<include>SortWidgetsListTop</include>
						<content>
							<item>
								<label>$LOCALIZE[31241]</label>
								<onclick>Skin.SetString(TvShowsWidgets.Sort, year)</onclick>
							</item>
							<item>
								<label>$LOCALIZE[31213]</label>
								<onclick>Skin.SetString(TvShowsWidgets.Sort, name)</onclick>
							</item>
							<item>
								<label>$LOCALIZE[31197]</label>
								<onclick>Skin.SetString(TvShowsWidgets.Sort, genre)</onclick>
							</item>
							<item>
								<label>$LOCALIZE[31146]</label>
								<onclick>Skin.SetString(TvShowsWidgets.Sort, studio)</onclick>
							</item>
							<item>
								<label>$LOCALIZE[31214]</label>
								<onclick>Skin.SetString(TvShowsWidgets.Sort, default)</onclick>
							</item>
						</content>
					</control>
					<control type="grouplist" id="6000">
						<onup>9000</onup>
						<ondown>800</ondown>
						<include content="WidgetListHomePoster">
							<param name="content_path" value="$INFO[Skin.String(TvShowsWidgets.Path)]"/>
							<param name="widget_target" value="$INFO[Skin.String(TvShowsWidgets.Target)]"/>
							<param name="sortby" value="$INFO[Skin.String(TvShowsWidgets.Sort)]"/>
							<param name="sortorder" value=""/>
							<param name="list_id" value="10"/>
							<param name="fallback_icon" value="defaulttvshows.png"/>
							<param name="aligny" value="bottom"/>
							<param name="aspect" value="keep"/>
						</include>
					</control>
					<control type="textbox">
						<visible>String.IsEmpty(Skin.String(TvShowsWidgets.Target))</visible>
						<top>300</top>
						<left>210</left>
						<width>1500</width>
						<height>100</height>
						<label>$LOCALIZE[31105]</label>
						<align>center</align>
					</control>
					<control type="label">
						<include>WidgetLabel</include>
						<label>$INFO[Skin.String(TvShowsWidgets.Name)] ● $LOCALIZE[31236]: $VAR[TvShowsSortTagVar]</label>
					</control>
				</control>
				<!-- Musicas ID 7000 -->
				<control type="group">
					<visible>String.IsEqual(Container(9000).ListItem.Property(id),music)</visible>
					<include content="Visible_Bottom_Delayed">
						<param name="id" value="music"/>
					</include>
					<control type="list" id="1">
						<visible allowhiddenfocus="true">Control.HasFocus(1)</visible>
						<include>SortWidgetsListTop</include>
						<content>
							<item>
								<label>$LOCALIZE[31241]</label>
								<onclick>Skin.SetString(MusicWidgets.Sort, year)</onclick>
							</item>
							<item>
								<label>$LOCALIZE[31213]</label>
								<onclick>Skin.SetString(MusicWidgets.Sort, name)</onclick>
							</item>
							<item>
								<label>$LOCALIZE[31197]</label>
								<onclick>Skin.SetString(MusicWidgets.Sort, genre)</onclick>
							</item>
							<item>
								<label>$LOCALIZE[31146]</label>
								<onclick>Skin.SetString(MusicWidgets.Sort, studio)</onclick>
							</item>
							<item>
								<label>$LOCALIZE[31214]</label>
								<onclick>Skin.SetString(MusicWidgets.Sort, default)</onclick>
							</item>
						</content>
					</control>
					<control type="grouplist" id="7000">
						<!-- <onup>9000</onup> -->
						<ondown>800</ondown>
						<include content="WidgetListHomePoster">
							<param name="content_path" value="$INFO[Skin.String(MusicWidgets.Path)]"/>
							<param name="widget_target" value="$INFO[Skin.String(MusicWidgets.Target)]"/>
							<param name="sortby" value="$INFO[Skin.String(MusicWidgets.Sort)]"/>
							<param name="sortorder" value=""/>
							<param name="list_id" value="10"/>
							<param name="fallback_icon" value="defaultmusic.png"/>
							<param name="aligny" value="bottom"/>
							<param name="aspect" value="keep"/>
						</include>
					</control>
					<control type="textbox">
						<visible>String.IsEmpty(Skin.String(MusicWidgets.Target))</visible>
						<top>300</top>
						<left>210</left>
						<width>1500</width>
						<height>100</height>
						<label>$LOCALIZE[31221]</label>
						<align>center</align>
					</control>
					<control type="label">
						<include>WidgetLabel</include>
						<label>$INFO[Skin.String(MusicWidgets.Name)] ● $LOCALIZE[31236]: $VAR[MusicSortTagVar]</label>
					</control>
				</control>
				<!-- Imagens ID 4000 -->
				<control type="group">
					<visible>String.IsEqual(Container(9000).ListItem.Property(id),pictures)</visible>
					<visible>!Control.HasFocus(9001)</visible>
					<include content="Visible_Bottom_Delayed">
						<param name="id" value="pictures"/>
					</include>
					<control type="list" id="1">
						<visible allowhiddenfocus="true">Control.HasFocus(1)</visible>
						<include>SortWidgetsListTop</include>
						<content>
							<item>
								<label>$LOCALIZE[31241]</label>
								<onclick>Skin.SetString(PicturesWidgets.Sort, year)</onclick>
							</item>
							<item>
								<label>$LOCALIZE[31213]</label>
								<onclick>Skin.SetString(PicturesWidgets.Sort, name)</onclick>
							</item>
							<item>
								<label>$LOCALIZE[31197]</label>
								<onclick>Skin.SetString(PicturesWidgets.Sort, genre)</onclick>
							</item>
							<item>
								<label>$LOCALIZE[31146]</label>
								<onclick>Skin.SetString(PicturesWidgets.Sort, studio)</onclick>
							</item>
							<item>
								<label>$LOCALIZE[31214]</label>
								<onclick>Skin.SetString(PicturesWidgets.Sort, default)</onclick>
							</item>
						</content>
					</control>
					<control type="grouplist" id="4000">
						<onup>9000</onup>
						<ondown>800</ondown>
						<pagecontrol>4010</pagecontrol>
						<include content="WidgetListHomePoster">
							<param name="content_path" value="$INFO[Skin.String(PicturesWidgets.Path)]"/>
							<param name="widget_target" value="$INFO[Skin.String(PicturesWidgets.Target)]"/>
							<param name="sortby" value="$INFO[Skin.String(PicturesWidgets.Sort)]"/>
							<param name="sortorder" value=""/>
							<param name="list_id" value="10"/>
							<param name="fallback_icon" value="defaultpicture.png"/>
							<param name="aligny" value="bottom"/>
							<param name="aspect" value="keep"/>
						</include>
					</control>
					<control type="textbox">
						<visible>String.IsEmpty(Skin.String(PicturesWidgets.Target))</visible>
						<top>300</top>
						<left>210</left>
						<width>1500</width>
						<height>100</height>
						<label>$LOCALIZE[31111]</label>
						<align>center</align>
					</control>
					<control type="label">
						<include>WidgetLabel</include>
						<label>$INFO[Skin.String(PicturesWidgets.Name)] ● $LOCALIZE[31236]: $VAR[PicturesSortTagVar]</label>
					</control>
				</control>
			</control>
			<!-- Widgets da Esquerda -->
			<control type="group" id="2002">
				<include>Widget_Display_Left</include>
				<!-- Meu Menu 1 -->
				<control type="group">
					<visible>String.IsEqual(Container(9002).ListItem.Property(id),MyMenu1)</visible>
					<include content="Visible_Bottom_Delayed">
						<param name="id" value="MyMenu1"/>
					</include>
					<control type="list" id="2">
						<visible allowhiddenfocus="true">Control.HasFocus(2)</visible>
						<include>SortWidgetsListLeft</include>
						<content>
							<item>
								<label>$LOCALIZE[31241]</label>
								<onclick>Skin.SetString(MyMenu1Widgets.Sort, year)</onclick>
							</item>
							<item>
								<label>$LOCALIZE[31213]</label>
								<onclick>Skin.SetString(MyMenu1Widgets.Sort, name)</onclick>
							</item>
							<item>
								<label>$LOCALIZE[31197]</label>
								<onclick>Skin.SetString(MyMenu1Widgets.Sort, genre)</onclick>
							</item>
							<item>
								<label>$LOCALIZE[31146]</label>
								<onclick>Skin.SetString(MyMenu1Widgets.Sort, studio)</onclick>
							</item>
							<item>
								<label>$LOCALIZE[31214]</label>
								<onclick>Skin.SetString(MyMenu1Widgets.Sort, default)</onclick>
							</item>
						</content>
					</control>
					<control type="grouplist">
						<onup>2</onup>
						<ondown>800</ondown>
						<include content="WidgetListHomePoster">
							<param name="content_path" value="$INFO[Skin.String(MyMenu1Widgets.Path)]"/>
							<param name="widget_target" value="$INFO[Skin.String(MyMenu1Widgets.Target)]"/>
							<param name="sortby" value="$INFO[Skin.String(MyMenu1Widgets.Sort)]"/>
							<param name="sortorder" value=""/>
							<param name="list_id" value="12"/>
							<param name="fallback_icon" value="defaultfile.png"/>
							<param name="aligny" value="bottom"/>
							<param name="aspect" value="keep"/>
						</include>
					</control>
					<control type="textbox">
						<visible>String.IsEmpty(Skin.String(MyMenu1Widgets.Target))</visible>
						<top>300</top>
						<left>210</left>
						<width>1500</width>
						<height>100</height>
						<label>$LOCALIZE[31135]</label>
						<align>center</align>
					</control>
					<control type="label">
						<include>WidgetLabel</include>
						<label>$INFO[Skin.String(MyMenu1Widgets.Name)] ● $LOCALIZE[31236]: $VAR[MyMenu1SortTagVar]</label>
					</control>
				</control>
				<!-- Meu Menu 2 -->
				<control type="group">
					<visible>String.IsEqual(Container(9002).ListItem.Property(id),MyMenu2)</visible>
					<include content="Visible_Bottom_Delayed">
						<param name="id" value="MyMenu2"/>
					</include>
					<control type="list" id="2">
						<visible allowhiddenfocus="true">Control.HasFocus(2)</visible>
						<include>SortWidgetsListLeft</include>
						<content>
							<item>
								<label>$LOCALIZE[31241]</label>
								<onclick>Skin.SetString(MyMenu2Widgets.Sort, year)</onclick>
							</item>
							<item>
								<label>$LOCALIZE[31213]</label>
								<onclick>Skin.SetString(MyMenu2Widgets.Sort, name)</onclick>
							</item>
							<item>
								<label>$LOCALIZE[31197]</label>
								<onclick>Skin.SetString(MyMenu2Widgets.Sort, genre)</onclick>
							</item>
							<item>
								<label>$LOCALIZE[31146]</label>
								<onclick>Skin.SetString(MyMenu2Widgets.Sort, studio)</onclick>
							</item>
							<item>
								<label>$LOCALIZE[31214]</label>
								<onclick>Skin.SetString(MyMenu2Widgets.Sort, default)</onclick>
							</item>
						</content>
					</control>
					<control type="grouplist" id="5000">
						<onup>9002</onup>
						<ondown>800</ondown>
						<include content="WidgetListHomePoster">
							<param name="content_path" value="$INFO[Skin.String(MyMenu2Widgets.Path)]"/>
							<param name="widget_target" value="$INFO[Skin.String(MyMenu2Widgets.Target)]"/>
							<param name="sortby" value="$INFO[Skin.String(MyMenu2Widgets.Sort)]"/>
							<param name="sortorder" value=""/>
							<param name="list_id" value="12"/>
							<param name="fallback_icon" value="defaultfile.png"/>
							<param name="aligny" value="bottom"/>
							<param name="aspect" value="keep"/>
						</include>
					</control>
					<control type="textbox">
						<visible>String.IsEmpty(Skin.String(MyMenu2Widgets.Target))</visible>
						<top>300</top>
						<left>210</left>
						<width>1500</width>
						<height>100</height>
						<label>$LOCALIZE[31135]</label>
						<align>center</align>
					</control>
					<control type="label">
						<include>WidgetLabel</include>
						<label>$INFO[Skin.String(MyMenu2Widgets.Name)] ● $LOCALIZE[31236]: $VAR[MyMenu2SortTagVar]</label>
					</control>
				</control>
				<!-- Meu Menu 3 -->
				<control type="group">
					<visible>String.IsEqual(Container(9002).ListItem.Property(id),MyMenu3)</visible>
					<include content="Visible_Bottom_Delayed">
						<param name="id" value="MyMenu3"/>
					</include>
					<control type="list" id="2">
						<visible allowhiddenfocus="true">Control.HasFocus(2)</visible>
						<include>SortWidgetsListLeft</include>
						<content>
							<item>
								<label>$LOCALIZE[31241]</label>
								<onclick>Skin.SetString(MyMenu3Widgets.Sort, year)</onclick>
							</item>
							<item>
								<label>$LOCALIZE[31213]</label>
								<onclick>Skin.SetString(MyMenu3Widgets.Sort, name)</onclick>
							</item>
							<item>
								<label>$LOCALIZE[31197]</label>
								<onclick>Skin.SetString(MyMenu3Widgets.Sort, genre)</onclick>
							</item>
							<item>
								<label>$LOCALIZE[31146]</label>
								<onclick>Skin.SetString(MyMenu3Widgets.Sort, studio)</onclick>
							</item>
							<item>
								<label>$LOCALIZE[31214]</label>
								<onclick>Skin.SetString(MyMenu3Widgets.Sort, default)</onclick>
							</item>
						</content>
					</control>
					<control type="grouplist" id="5000">
						<onup>9002</onup>
						<ondown>800</ondown>
						<include content="WidgetListHomePoster">
							<param name="content_path" value="$INFO[Skin.String(MyMenu3Widgets.Path)]"/>
							<param name="widget_target" value="$INFO[Skin.String(MyMenu3Widgets.Target)]"/>
							<param name="sortby" value="$INFO[Skin.String(MyMenu3Widgets.Sort)]"/>
							<param name="sortorder" value=""/>
							<param name="list_id" value="12"/>
							<param name="fallback_icon" value="defaultfile.png"/>
							<param name="aligny" value="bottom"/>
							<param name="aspect" value="keep"/>
						</include>
					</control>
					<control type="textbox">
						<visible>String.IsEmpty(Skin.String(MyMenu3Widgets.Target))</visible>
						<top>300</top>
						<left>210</left>
						<width>1500</width>
						<height>100</height>
						<label>$LOCALIZE[31135]</label>
						<align>center</align>
					</control>
					<control type="label">
						<include>WidgetLabel</include>
						<label>$INFO[Skin.String(MyMenu3Widgets.Name)] ● $LOCALIZE[31236]: $VAR[MyMenu3SortTagVar]</label>
					</control>
				</control>
				<!-- Meu Menu 4 -->
				<control type="group">
					<visible>String.IsEqual(Container(9002).ListItem.Property(id),MyMenu4)</visible>
					<include content="Visible_Bottom_Delayed">
						<param name="id" value="MyMenu4"/>
					</include>
					<control type="list" id="2">
						<visible allowhiddenfocus="true">Control.HasFocus(2)</visible>
						<include>SortWidgetsListLeft</include>
						<content>
							<item>
								<label>$LOCALIZE[31241]</label>
								<onclick>Skin.SetString(MyMenu4Widgets.Sort, year)</onclick>
							</item>
							<item>
								<label>$LOCALIZE[31213]</label>
								<onclick>Skin.SetString(MyMenu4Widgets.Sort, name)</onclick>
							</item>
							<item>
								<label>$LOCALIZE[31197]</label>
								<onclick>Skin.SetString(MyMenu4Widgets.Sort, genre)</onclick>
							</item>
							<item>
								<label>$LOCALIZE[31146]</label>
								<onclick>Skin.SetString(MyMenu4Widgets.Sort, studio)</onclick>
							</item>
							<item>
								<label>$LOCALIZE[31214]</label>
								<onclick>Skin.SetString(MyMenu4Widgets.Sort, default)</onclick>
							</item>
						</content>
					</control>
					<control type="grouplist" id="5000">
						<onup>9002</onup>
						<ondown>800</ondown>
						<include content="WidgetListHomePoster">
							<param name="content_path" value="$INFO[Skin.String(MyMenu4Widgets.Path)]"/>
							<param name="widget_target" value="$INFO[Skin.String(MyMenu4Widgets.Target)]"/>
							<param name="sortby" value="$INFO[Skin.String(MyMenu4Widgets.Sort)]"/>
							<param name="sortorder" value=""/>
							<param name="list_id" value="12"/>
							<param name="fallback_icon" value="defaultfile.png"/>
							<param name="aligny" value="bottom"/>
							<param name="aspect" value="keep"/>
						</include>
					</control>
					<control type="textbox">
						<visible>String.IsEmpty(Skin.String(MyMenu4Widgets.Target))</visible>
						<top>300</top>
						<left>210</left>
						<width>1500</width>
						<height>100</height>
						<label>$LOCALIZE[31135]</label>
						<align>center</align>
					</control>
					<control type="label">
						<include>WidgetLabel</include>
						<label>$INFO[Skin.String(MyMenu4Widgets.Name)] ● $LOCALIZE[31236]: $VAR[MyMenu4SortTagVar]</label>
					</control>
				</control>
				<!-- My Menu 5 -->
				<control type="group">
					<visible>String.IsEqual(Container(9002).ListItem.Property(id),MyMenu5)</visible>
					<include content="Visible_Bottom_Delayed">
						<param name="id" value="MyMenu5"/>
					</include>
					<control type="list" id="2">
						<visible allowhiddenfocus="true">Control.HasFocus(2)</visible>
						<include>SortWidgetsListLeft</include>
						<content>
							<item>
								<label>$LOCALIZE[31241]</label>
								<onclick>Skin.SetString(MyMenu5Widgets.Sort, year)</onclick>
							</item>
							<item>
								<label>$LOCALIZE[31213]</label>
								<onclick>Skin.SetString(MyMenu5Widgets.Sort, name)</onclick>
							</item>
							<item>
								<label>$LOCALIZE[31197]</label>
								<onclick>Skin.SetString(MyMenu5Widgets.Sort, genre)</onclick>
							</item>
							<item>
								<label>$LOCALIZE[31146]</label>
								<onclick>Skin.SetString(MyMenu5Widgets.Sort, studio)</onclick>
							</item>
							<item>
								<label>$LOCALIZE[31214]</label>
								<onclick>Skin.SetString(MyMenu5Widgets.Sort, default)</onclick>
							</item>
						</content>
					</control>
					<control type="grouplist" id="5000">
						<onup>9002</onup>
						<ondown>800</ondown>
						<include content="WidgetListHomePoster">
							<param name="content_path" value="$INFO[Skin.String(MyMenu5Widgets.Path)]"/>
							<param name="widget_target" value="$INFO[Skin.String(MyMenu5Widgets.Target)]"/>
							<param name="sortby" value="$INFO[Skin.String(MyMenu5Widgets.Sort)]"/>
							<param name="sortorder" value=""/>
							<param name="list_id" value="12"/>
							<param name="fallback_icon" value="defaultfile.png"/>
							<param name="aligny" value="bottom"/>
							<param name="aspect" value="keep"/>
						</include>
					</control>
					<control type="textbox">
						<visible>String.IsEmpty(Skin.String(MyMenu5Widgets.Target))</visible>
						<top>300</top>
						<left>210</left>
						<width>1500</width>
						<height>100</height>
						<label>$LOCALIZE[31135]</label>
						<align>center</align>
					</control>
					<control type="label">
						<include>WidgetLabel</include>
						<label>$INFO[Skin.String(MyMenu5Widgets.Name)] ● $LOCALIZE[31236]: $VAR[MyMenu5SortTagVar]</label>
					</control>
				</control>
			</control>
			<!-- Widgets da Direita -->
			<control type="group" id="2001">
				<include>Widget_Display_Right</include>
				<!-- Meu Menu 6 -->
				<control type="group">
					<visible>String.IsEqual(Container(9001).ListItem.Property(id),MyMenu6)</visible>
					<include content="Visible_Bottom_Delayed">
						<param name="id" value="MyMenu6"/>
					</include>
					<control type="list" id="3">
						<visible allowhiddenfocus="true">Control.HasFocus(3)</visible>
						<include>SortWidgetsListRight</include>
						<content>
							<item>
								<label>$LOCALIZE[31241]</label>
								<onclick>Skin.SetString(MyMenu6Widgets.Sort, year)</onclick>
							</item>
							<item>
								<label>$LOCALIZE[31213]</label>
								<onclick>Skin.SetString(MyMenu6Widgets.Sort, name)</onclick>
							</item>
							<item>
								<label>$LOCALIZE[31197]</label>
								<onclick>Skin.SetString(MyMenu6Widgets.Sort, genre)</onclick>
							</item>
							<item>
								<label>$LOCALIZE[31146]</label>
								<onclick>Skin.SetString(MyMenu6Widgets.Sort, studio)</onclick>
							</item>
							<item>
								<label>$LOCALIZE[31214]</label>
								<onclick>Skin.SetString(MyMenu6Widgets.Sort, default)</onclick>
							</item>
						</content>
					</control>
					<control type="grouplist" id="5000">
						<onup>3</onup>
						<ondown>800</ondown>
						<include content="WidgetListHomePoster">
							<param name="content_path" value="$INFO[Skin.String(MyMenu6Widgets.Path)]"/>
							<param name="widget_target" value="$INFO[Skin.String(MyMenu6Widgets.Target)]"/>
							<param name="sortby" value="$INFO[Skin.String(MyMenu6Widgets.Sort)]"/>
							<param name="sortorder" value=""/>
							<param name="list_id" value="11"/>
							<param name="fallback_icon" value="defaultfile.png"/>
							<param name="aligny" value="bottom"/>
							<param name="aspect" value="keep"/>
						</include>
					</control>
					<control type="textbox">
						<visible>String.IsEmpty(Skin.String(MyMenu6Widgets.Target))</visible>
						<top>300</top>
						<left>210</left>
						<width>1500</width>
						<height>100</height>
						<label>$LOCALIZE[31135]</label>
						<align>center</align>
					</control>
					<control type="label">
						<include>WidgetLabel</include>
						<label>$INFO[Skin.String(MyMenu6Widgets.Name)] ● $LOCALIZE[31236]: $VAR[MyMenu6SortTagVar]</label>
					</control>
				</control>
				<!-- Meu Menu 7 -->
				<control type="group">
					<visible>String.IsEqual(Container(9001).ListItem.Property(id),MyMenu7)</visible>
					<include content="Visible_Bottom_Delayed">
						<param name="id" value="MyMenu7"/>
					</include>
					<control type="list" id="3">
						<visible allowhiddenfocus="true">Control.HasFocus(3)</visible>
						<include>SortWidgetsListRight</include>
						<content>
							<item>
								<label>$LOCALIZE[31241]</label>
								<onclick>Skin.SetString(MyMenu7Widgets.Sort, year)</onclick>
							</item>
							<item>
								<label>$LOCALIZE[31213]</label>
								<onclick>Skin.SetString(MyMenu7Widgets.Sort, name)</onclick>
							</item>
							<item>
								<label>$LOCALIZE[31197]</label>
								<onclick>Skin.SetString(MyMenu7Widgets.Sort, genre)</onclick>
							</item>
							<item>
								<label>$LOCALIZE[31146]</label>
								<onclick>Skin.SetString(MyMenu7Widgets.Sort, studio)</onclick>
							</item>
							<item>
								<label>$LOCALIZE[31214]</label>
								<onclick>Skin.SetString(MyMenu7Widgets.Sort, default)</onclick>
							</item>
						</content>
					</control>
					<control type="grouplist" id="5000">
						<onup>9001</onup>
						<ondown>800</ondown>
						<include content="WidgetListHomePoster">
							<param name="content_path" value="$INFO[Skin.String(MyMenu7Widgets.Path)]"/>
							<param name="widget_target" value="$INFO[Skin.String(MyMenu7Widgets.Target)]"/>
							<param name="sortby" value="$INFO[Skin.String(MyMenu7Widgets.Sort)]"/>
							<param name="sortorder" value=""/>
							<param name="list_id" value="11"/>
							<param name="fallback_icon" value="defaultfile.png"/>
							<param name="aligny" value="bottom"/>
							<param name="aspect" value="keep"/>
						</include>
					</control>
					<control type="textbox">
						<visible>String.IsEmpty(Skin.String(MyMenu7Widgets.Target))</visible>
						<top>300</top>
						<left>210</left>
						<width>1500</width>
						<height>100</height>
						<label>$LOCALIZE[31135]</label>
						<align>center</align>
					</control>
					<control type="label">
						<include>WidgetLabel</include>
						<label>$INFO[Skin.String(MyMenu7Widgets.Name)] ● $LOCALIZE[31236]: $VAR[MyMenu7SortTagVar]</label>
					</control>
				</control>
				<!-- Meu Menu 8 -->
				<control type="group">
					<visible>String.IsEqual(Container(9001).ListItem.Property(id),MyMenu8)</visible>
					<include content="Visible_Bottom_Delayed">
						<param name="id" value="MyMenu8"/>
					</include>
					<control type="list" id="3">
						<visible allowhiddenfocus="true">Control.HasFocus(3)</visible>
						<include>SortWidgetsListRight</include>
						<content>
							<item>
								<label>$LOCALIZE[31241]</label>
								<onclick>Skin.SetString(MyMenu8Widgets.Sort, year)</onclick>
							</item>
							<item>
								<label>$LOCALIZE[31213]</label>
								<onclick>Skin.SetString(MyMenu8Widgets.Sort, name)</onclick>
							</item>
							<item>
								<label>$LOCALIZE[31197]</label>
								<onclick>Skin.SetString(MyMenu8Widgets.Sort, genre)</onclick>
							</item>
							<item>
								<label>$LOCALIZE[31146]</label>
								<onclick>Skin.SetString(MyMenu8Widgets.Sort, studio)</onclick>
							</item>
							<item>
								<label>$LOCALIZE[31214]</label>
								<onclick>Skin.SetString(MyMenu8Widgets.Sort, default)</onclick>
							</item>
						</content>
					</control>
					<control type="grouplist" id="5000">
						<onup>9001</onup>
						<ondown>800</ondown>
						<include content="WidgetListHomePoster">
							<param name="content_path" value="$INFO[Skin.String(MyMenu8Widgets.Path)]"/>
							<param name="widget_target" value="$INFO[Skin.String(MyMenu8Widgets.Target)]"/>
							<param name="sortby" value="$INFO[Skin.String(MyMenu8Widgets.Sort)]"/>
							<param name="sortorder" value=""/>
							<param name="list_id" value="11"/>
							<param name="fallback_icon" value="defaultfile.png"/>
							<param name="aligny" value="bottom"/>
							<param name="aspect" value="keep"/>
						</include>
					</control>
					<control type="textbox">
						<visible>String.IsEmpty(Skin.String(MyMenu8Widgets.Target))</visible>
						<top>300</top>
						<left>210</left>
						<width>1500</width>
						<height>100</height>
						<label>$LOCALIZE[31135]</label>
						<align>center</align>
					</control>
					<control type="label">
						<include>WidgetLabel</include>
						<label>$INFO[Skin.String(MyMenu8Widgets.Name)] ● $LOCALIZE[31236]: $VAR[MyMenu8SortTagVar]</label>
					</control>
				</control>
				<!-- Meu Menu 9 -->
				<control type="group">
					<visible>String.IsEqual(Container(9001).ListItem.Property(id),MyMenu9)</visible>
					<include content="Visible_Bottom_Delayed">
						<param name="id" value="MyMenu9"/>
					</include>
					<control type="list" id="3">
						<visible allowhiddenfocus="true">Control.HasFocus(3)</visible>
						<include>SortWidgetsListRight</include>
						<content>
							<item>
								<label>$LOCALIZE[31241]</label>
								<onclick>Skin.SetString(MyMenu9Widgets.Sort, year)</onclick>
							</item>
							<item>
								<label>$LOCALIZE[31213]</label>
								<onclick>Skin.SetString(MyMenu9Widgets.Sort, name)</onclick>
							</item>
							<item>
								<label>$LOCALIZE[31197]</label>
								<onclick>Skin.SetString(MyMenu9Widgets.Sort, genre)</onclick>
							</item>
							<item>
								<label>$LOCALIZE[31146]</label>
								<onclick>Skin.SetString(MyMenu9Widgets.Sort, studio)</onclick>
							</item>
							<item>
								<label>$LOCALIZE[31214]</label>
								<onclick>Skin.SetString(MyMenu9Widgets.Sort, default)</onclick>
							</item>
						</content>
					</control>
					<control type="grouplist" id="5000">
						<onup>9001</onup>
						<ondown>800</ondown>
						<include content="WidgetListHomePoster">
							<param name="content_path" value="$INFO[Skin.String(MyMenu9Widgets.Path)]"/>
							<param name="widget_target" value="$INFO[Skin.String(MyMenu9Widgets.Target)]"/>
							<param name="sortby" value="$INFO[Skin.String(MyMenu9Widgets.Sort)]"/>
							<param name="sortorder" value=""/>
							<param name="list_id" value="11"/>
							<param name="fallback_icon" value="defaultfile.png"/>
							<param name="aligny" value="bottom"/>
							<param name="aspect" value="keep"/>
						</include>
					</control>
					<control type="textbox">
						<visible>String.IsEmpty(Skin.String(MyMenu9Widgets.Target))</visible>
						<top>300</top>
						<left>210</left>
						<width>1500</width>
						<height>100</height>
						<label>$LOCALIZE[31135]</label>
						<align>center</align>
					</control>
					<control type="label">
						<include>WidgetLabel</include>
						<label>$INFO[Skin.String(MyMenu9Widgets.Name)] ● $LOCALIZE[31236]: $VAR[MyMenu9SortTagVar]</label>
					</control>
				</control>
				<!-- Meu Menu 10 -->
				<control type="group">
					<visible>String.IsEqual(Container(9001).ListItem.Property(id),MyMenu10)</visible>
					<include content="Visible_Bottom_Delayed">
						<param name="id" value="MyMenu10"/>
					</include>
					<control type="list" id="3">
						<visible allowhiddenfocus="true">Control.HasFocus(3)</visible>
						<include>SortWidgetsListRight</include>
						<content>
							<item>
								<label>$LOCALIZE[31241]</label>
								<onclick>Skin.SetString(MyMenu10Widgets.Sort, year)</onclick>
							</item>
							<item>
								<label>$LOCALIZE[31213]</label>
								<onclick>Skin.SetString(MyMenu10Widgets.Sort, name)</onclick>
							</item>
							<item>
								<label>$LOCALIZE[31197]</label>
								<onclick>Skin.SetString(MyMenu10Widgets.Sort, genre)</onclick>
							</item>
							<item>
								<label>$LOCALIZE[31146]</label>
								<onclick>Skin.SetString(MyMenu10Widgets.Sort, studio)</onclick>
							</item>
							<item>
								<label>$LOCALIZE[31214]</label>
								<onclick>Skin.SetString(MyMenu10Widgets.Sort, default)</onclick>
							</item>
						</content>
					</control>
					<control type="grouplist" id="5000">
						<onup>9001</onup>
						<ondown>800</ondown>
						<include content="WidgetListHomePoster">
							<param name="content_path" value="$INFO[Skin.String(MyMenu10Widgets.Path)]"/>
							<param name="widget_target" value="$INFO[Skin.String(MyMenu10Widgets.Target)]"/>
							<param name="sortby" value="$INFO[Skin.String(MyMenu10Widgets.Sort)]"/>
							<param name="sortorder" value=""/>
							<param name="list_id" value="11"/>
							<param name="fallback_icon" value="defaultfile.png"/>
							<param name="aligny" value="bottom"/>
							<param name="aspect" value="keep"/>
						</include>
					</control>
					<control type="textbox">
						<visible>String.IsEmpty(Skin.String(MyMenu10Widgets.Target))</visible>
						<top>300</top>
						<left>210</left>
						<width>1500</width>
						<height>100</height>
						<label>$LOCALIZE[31135]</label>
						<align>center</align>
					</control>
					<control type="label">
						<include>WidgetLabel</include>
						<label>$INFO[Skin.String(MyMenu10Widgets.Name)] ● $LOCALIZE[31236]: $VAR[MyMenu10SortTagVar]</label>
					</control>
				</control>
			</control>
		</control>
	</include>
</includes>
