<includes>
	<include name="skinshortcuts-mainmenu">
		<item id="1">
			<property name="id">$NUMBER[1]</property>
			<label>NewsStand</label>
			<label2>Programa</label2>
			<icon>DefaultShortcut.png</icon>
			<thumb>thumb</thumb>
			<property name="labelID">plugin.program.newsstand</property>
			<property name="defaultID">plugin.program.newsstand</property>
			<property name="translatedPath">ActivateWindow(Programs,"plugin://plugin.program.newsstand",return)</property>
			<property name="widget">addon</property>
			<property name="widgetName">All Categories</property>
			<property name="widgetType">addon</property>
			<property name="widgetTarget">games</property>
			<property name="widgetPath">plugin://plugin.program.advanced.emulator.launcher/?com=SHOW_ALL_CATEGORIES&amp;reload=$INFO[Window(Home).Property(widgetreload)]$INFO[Window(Home).Property(widgetreload2)]</property>
			<onclick>ActivateWindow(Programs,"plugin://plugin.program.newsstand",return)</onclick>
			<property name="path">ActivateWindow(Programs,"plugin://plugin.program.newsstand",return)</property>
			<property name="list">plugin://plugin.program.newsstand</property>
			<visible>String.IsEqual(System.ProfileName,Master user)</visible>
			<property name="submenuVisibility">plugin-program-newsstand</property>
			<property name="group">mainmenu</property>
			<property name="hasSubmenu">False</property>
			</item>
		</include>
	<include />
	<include name="skinshortcuts-submenu" />
	<include name="skinshortcuts-group-plugin-program-newsstand">
		<description>No items</description>
		</include>
	<include name="skinshortcuts-group-alt-plugin-program-newsstand">
		<description>No items</description>
		</include>
	</includes>
