<?xml version="1.0" encoding="UTF-8"?>
<overrides>
	<versionEquivalency>
		<!-- Handle groupings/shortcuts with version information, by specifying which other versions of
		Kodi they are compatible with
		
		<equivalent version="14">All</equivalent>
			- Valid on all versions of Kodi 14+

		<equivalent version="14">16</equivalent>
			- Valid on Kodi versions between 14 and 16 inclusive

		-->
		
		<!-- PVR groupings -->
		<groupEquivalent version="14" condition="PVR.HasTVChannels">All</groupEquivalent>
		<groupEquivalent version="14" condition="PVR.HasRadioChannels">All</groupEquivalent>

		<!-- PVR shortcuts -->
		<shortcutEquivalent version="14" action="ActivateWindow(TVChannels)">All</shortcutEquivalent>
		<shortcutEquivalent version="14" action="ActivateWindow(TVGuide)">All</shortcutEquivalent>
		<shortcutEquivalent version="14" action="ActivateWindow(TVRecordings)">All</shortcutEquivalent>
		<shortcutEquivalent version="14" action="ActivateWindow(TVTimers)">All</shortcutEquivalent>
		<shortcutEquivalent version="14" action="ActivateWindow(TVSearch)">All</shortcutEquivalent>
		<shortcutEquivalent version="14" action="ActivateWindow(RadioChannels)">All</shortcutEquivalent>
		<shortcutEquivalent version="14" action="ActivateWindow(RadioGuide)">All</shortcutEquivalent>
		<shortcutEquivalent version="14" action="ActivateWindow(RadioRecordings)">All</shortcutEquivalent>
		<shortcutEquivalent version="14" action="ActivateWindow(RadioTimers)">All</shortcutEquivalent>
		<shortcutEquivalent version="14" action="ActivateWindow(RadioSearch)">All</shortcutEquivalent>

		<!-- Music Files -->
		<shortcutEquivalent version="13" action="ActivateWindow(MusicFiles)">15</shortcutEquivalent>
		<shortcutEquivalent version="16" action="ActivateWindow(Music,Files,Return)">All</shortcutEquivalent>

	</versionEquivalency>


	<contextmenu>
		<!-- Enable context menu on control 211 -->
		<enableon>211</enableon>

		<!-- Add enable/disable controls -->
		<item control="313" condition="String.IsEqual(Container(211).ListItem.Property(skinshortcuts-disabled),False)">$LOCALIZE[24021]</item>
		<item control="313" condition="String.IsEqual(Container(211).ListItem.Property(skinshortcuts-disabled),True)">$LOCALIZE[24022]</item>
	</contextmenu>


	<flatgroupings>
		<node label="32029">
			<content>common</content>
		</node>
		<node label="32030">
			<content>video</content>
		</node>
		<node label="32031">
			<content>music</content>
		</node>
		<node label="32017" condition="PVR.HasTVChannels">
			<content>pvr</content>
			<content>pvr-tv</content>
		</node>
		<node label="32087" condition="PVR.HasRadioChannels">
			<content>radio</content>
			<content>pvr-radio</content>
		</node>
		<node label="32074">
			<content>videosources</content>
			<content>upnp-video</content>
			<content>musicsources</content>
			<content>upnp-music</content>
			<content>picturesources</content>
		</node>
		<node label="32040">
			<content>playlist-video</content>
			<content>playlist-audio</content>
		</node>
		<node label="32007">
			<shortcut label="1037" type="32014" thumb="DefaultAddonVideo.png">ActivateWindow(Videos,Addons,return)</shortcut>
			<shortcut label="1038" type="32019" thumb="DefaultAddonMusic.png">ActivateWindow(MusicLibrary,Addons,return)</shortcut>
			<shortcut label="1039" type="32020" thumb="DefaultAddonPicture.png">ActivateWindow(Pictures,Addons,return)</shortcut>
			<shortcut label="10001" type="32021" thumb="DefaultAddonProgram.png">ActivateWindow(Programs,Addons,return)</shortcut>
			<shortcut label="10001" type="32021" thumb="DefaultAddonGame.png">ActivateWindow(Games,Addons,return)</shortcut>
			<shortcut label="20244" type="32021" thumb="DefaultAddonProgram.png" condition="System.Platform.Android">ActivateWindow(Programs,androidapp://sources/apps,return)</shortcut>
			<content>addon-program</content>
			<content>addon-video</content>
			<content>addon-audio</content>
			<content>addon-image</content>
			<content>addon-game</content>
		</node>
		<node label="32006">
			<content>favourite</content>
		</node>
		<node label="32054">
			<content>commands</content>
		</node>
	</flatgroupings>
	
	<groupings>
        
        <!-- script.skin.helper.service smart shortcuts -->
        <!-- <shortcut label="32118" type="32010" condition="System.HasAddon(script.skin.helper.service)">||BROWSE||script.skin.helper.service/?action=smartshortcuts</shortcut> -->
        
		<node label="32029">
			<content>common</content>
		</node>
		<node label="32030">
			<content>video</content>
			<node label="32040">
				<content>playlist-video</content>
			</node>
			<node label="32010">
				<shortcut label="1037" type="32014" icon="DefaultAddonVideo.png">ActivateWindow(Videos,Addons,return)</shortcut>
				<content>addon-video</content>
			</node>
			<node label="32075">
				<content>videosources</content>
				<content>upnp-video</content>
			</node>
		</node>
		<node label="32031">
			<content>music</content>
			<node label="32040">
				<content>playlist-audio</content>
			</node>
			<node label="32011">
				<shortcut label="1038" type="32019" icon="DefaultAddonMusic.png">ActivateWindow(MusicLibrary,Addons,return)</shortcut>
				<content>addon-audio</content>
			</node>
			<node label="32075">
				<content>musicsources</content>
				<content>upnp-music</content>
			</node>
		</node>
		<node label="32017" condition="System.GetBool(pvrmanager.enabled)" version="13">
			<content>pvr</content>
			<node label="19023">
				<content>pvr-tv</content>
			</node>
			<node label="19024">
				<content>pvr-radio</content>
			</node>
		</node>
		<node label="32017" condition="PVR.HasTVChannels" version="14">
			<content>pvr</content>
			<node label="19023">
				<content>pvr-tv</content>
			</node>
		</node>
		<node label="32087" condition="PVR.HasRadioChannels" version="14">
			<content>radio</content>
			<node label="19024">
				<content>pvr-radio</content>
			</node>
		</node>
		<node label="32020">
			<content>picturesources</content>
		</node>
		<node label="32007">
			<node label="32009">
				<shortcut label="10001" type="32021" icon="DefaultAddonProgram.png">ActivateWindow(Programs,Addons,return)</shortcut>
				<shortcut label="20244" type="32021" icon="DefaultAddonProgram.png" condition="System.Platform.Android">ActivateWindow(Programs,androidapp://sources/apps,return)</shortcut>
				<content icon="DefaultAddonProgram.png">addon-program</content>
			</node>
			<node label="32010">
				<shortcut label="1037" type="32014" icon="DefaultAddonVideo.png">ActivateWindow(Videos,Addons,return)</shortcut>
				<content>addon-video</content>
			</node>
			<node label="32011">
				<shortcut label="1038" type="32019" icon="DefaultAddonMusic.png">ActivateWindow(MusicLibrary,Addons,return)</shortcut>
				<content>addon-audio</content>
			</node>
			<node label="32012">
				<shortcut label="1039" type="32020" icon="DefaultAddonPicture.png">ActivateWindow(Pictures,Addons,return)</shortcut>
				<content>addon-image</content>
			</node>
		</node>
		<node label="32006">
			<content>favourite</content>
		</node>
		<node label="10004">
			<content>settings</content>
		</node>
		<node label="32054">
			<content>commands</content>
		</node>
	</groupings>



	<widget-groupings>	
        <content>widgets</content>
		
		<!-- Widgets de Jogos -->
		<node label="10821">
			
			<shortcut label="$INFO[System.AddonTitle(plugin.program.iagl)]" type="32123" icon="DefaultAddonGame.png" condition="System.HasAddon(plugin.program.iagl)">||BROWSE||plugin.program.iagl</shortcut>
			
			<shortcut label="$INFO[System.AddonTitle(plugin.program.advanced.emulator.launcher)]" type="32123" icon="DefaultAddonGame.png" widget="addon" widgetType="addon" widgetTarget="games" condition="System.HasAddon(plugin.program.advanced.emulator.launcher)">||BROWSE||plugin.program.advanced.emulator.launcher</shortcut>
			
			<shortcut label="Show All Categories" type="32123" icon="DefaultAddonGame.png" widget="addon" widgetType="addon" widgetTarget="games" condition="System.HasAddon(plugin.program.advanced.emulator.launcher)">plugin://plugin.program.advanced.emulator.launcher/?com=SHOW_ALL_CATEGORIES</shortcut>
				
			<shortcut label="Show All Launchers" type="32123" icon="DefaultAddonGame.png" widget="addon" widgetType="addon" widgetTarget="games" condition="System.HasAddon(plugin.program.advanced.emulator.launcher)">plugin://plugin.program.advanced.emulator.launcher/?com=SHOW_ALL_LAUNCHERS</shortcut>
				
			<shortcut label="Show All Roms" type="32123" icon="DefaultAddonGame.png" widget="addon" widgetType="addon" widgetTarget="games" condition="System.HasAddon(plugin.program.advanced.emulator.launcher)">plugin://plugin.program.advanced.emulator.launcher/?com=SHOW_ALL_ROMS</shortcut>
				
			<shortcut label="Show Recently Played" type="32123" icon="DefaultAddonGame.png" widget="addon" widgetType="addon" widgetTarget="games" condition="System.HasAddon(plugin.program.advanced.emulator.launcher)">plugin://plugin.program.advanced.emulator.launcher/?com=SHOW_RECENTLY_PLAYED</shortcut>
				
			<shortcut label="Show Most Played" type="32123" icon="DefaultAddonGame.png" widget="addon" widgetType="addon" widgetTarget="games" condition="System.HasAddon(plugin.program.advanced.emulator.launcher)">plugin://plugin.program.advanced.emulator.launcher/?com=SHOW_MOST_PLAYED</shortcut>
				
			<shortcut label="Show Favourites" type="32123" icon="DefaultAddonGame.png" widget="addon" widgetType="addon" widgetTarget="games" condition="System.HasAddon(plugin.program.advanced.emulator.launcher)">plugin://plugin.program.advanced.emulator.launcher/?com=SHOW_FAVOURITES</shortcut>
			
		</node>
		<!-- Widgets de Magazines -->
		<node label="Magazines" condition="System.HasAddon(plugin.program.newsstand)">
			
				<shortcut label="$INFO[System.AddonTitle(plugin.program.newsstand)]" type="Magazines" icon="defaultaddonimages.png" widget="addon" widgetType="addon" widgetTarget="programs">||BROWSE||plugin.program.newsstand/</shortcut>				
				
				<shortcut label="All Magazines" type="Magazines" icon="defaultaddonimages.png" widget="addon" widgetType="addon" widgetTarget="programs">plugin://plugin.program.newsstand/?com=SHOW_ALL_MAGAZINES</shortcut>
				
				<shortcut label="All Issues" type="Magazines" icon="defaultaddonimages.png" widget="addon" widgetType="addon" widgetTarget="programs">plugin://plugin.program.newsstand/?com=SHOW_ALL_ISSUES</shortcut>
				
				<shortcut label="Collections" type="Magazines" icon="defaultaddonimages.png" widget="addon" widgetType="addon" widgetTarget="programs">plugin://plugin.program.newsstand/?com=SHOW_COLLECTIONS</shortcut>
				
				<shortcut label="Last Viewed" type="Magazines" icon="defaultaddonimages.png" widget="addon" widgetType="addon" widgetTarget="programs">plugin://plugin.program.newsstand/?com=SHOW_LAST_VIEWED</shortcut>
				
				<shortcut label="Most Viewed" type="Magazines" icon="defaultaddonimages.png" widget="addon" widgetType="addon" widgetTarget="programs">plugin://plugin.program.newsstand/?com=SHOW_MOST_VIEWED</shortcut>
				
				<shortcut label="Favourites" type="Magazines" icon="defaultaddonimages.png" widget="addon" widgetType="addon" widgetTarget="programs">plugin://plugin.program.newsstand/?com=SHOW_FAVOURITES</shortcut>
			
			</node>
		
		<node label="32007">
			<node label="32009">
				<content>addon-program-plugin</content>
			</node>
			<node label="32010">
				<content>addon-video</content>
			</node>
			<node label="32011">
				<content>addon-audio</content>
			</node>
			<node label="32012">
				<content>addon-image</content>
			</node>

			<shortcut label="10001" type="32021" icon="DefaultAddonProgram.png" widget="addon" widgetType="program" widgetTarget="programs">addons://sources/executable</shortcut>
			<shortcut label="20244" type="32021" icon="DefaultAddonProgram.png" widget="addon" widgetType="program" widgetTarget="programs" condition="System.Platform.Android">androidapp://sources/apps</shortcut>
			<shortcut label="1037" type="32014" icon="DefaultAddonVideo.png" widget="addon" widgetType="video" widgetTarget="video">addons://sources/video</shortcut>
			<shortcut label="1038" type="32019" icon="DefaultAddonMusic.png" widget="addon" widgetType="music" widgetTarget="music">addons://sources/audio</shortcut>
			<shortcut label="1039" type="32020" icon="DefaultAddonPicture.png" widget="addon" widgetType="picture" widgetTarget="pictures">addons://sources/image</shortcut>
			<shortcut label="31176" type="10821" icon="DefaultAddonGame.png" widget="addon" widgetType="game" widgetTarget="games">addons://sources/game</shortcut>
		</node>
		
		<node label="32030">
			<content>video</content>
			<node label="32040">
				<content>playlist-video</content>
			</node>
			<node label="32010">
				<content>addon-video</content>
			</node>
			<node label="32075">
				<content>videosources</content>
			</node>
		</node>
		
		<node label="32031">
			<content>music</content>
			<node label="32040">
				<content>playlist-audio</content>
			</node>
			<node label="32011">
				<content>addon-audio</content>
			</node>
			<node label="32075">
				<content>musicsources</content>
			</node>
		</node>

		<node label="32020">
			<content>picturesources</content>		
		</node>
		<!-- Widgets de PVR -->
		<node label="PVR" condition="System.HasPVRAddon">
			<shortcut label="Live Tv" type="32020" icon="icons\sidemenu\livetv.png" widget="addon" widgetType="addon" widgetTarget="programs" condition="PVR.HasTVChannels">pvr://tv/</shortcut>		
			<shortcut label="Radio" type="32020" icon="icons\sidemenu\radio.png" widget="addon" widgetType="addon" widgetTarget="programs" condition="PVR.HasRadioChannels">pvr://radio/</shortcut>		
		</node>
		
		
PVR.HasTVChannels
	
	</widget-groupings>
</overrides>
