<?xml version="1.0" encoding="UTF-8" standalone="yes"?>
<addon id="plugin.program.newsstand.album.maker" name="NewsStand Album Maker" version="1.0.0" provider-name="Sagrath">
    <extension point="xbmc.python.pluginsource" library="addon.py">
    <provides>picture</provides>
  </extension>
  <extension point="xbmc.addon.metadata">
    <summary lang="en">Addon Summary</summary>
    <description lang="en">Addon Description</description>
    <platform>all</platform>
  </extension>
</addon>
