<?xml version="1.0" encoding="UTF-8"?>
<includes>
	<include name="Home_Widgets">
		<!-- Grupo de Widgets -->
		<control type="group">
			<bottom>130</bottom>
			<height>500</height>
			<left>-2</left>
			<animation type="Conditional" condition="Player.HasMedia + Skin.HasSetting(showhomenowplaying)" reversible="true">
				<effect type="slide" end="0,540" time="500" tween="sine"/>
			</animation>
			<animation type="Conditional" condition="Control.IsVisible(20000)" reversible="false">
				<effect type="slide" end="0,20" time="60" tween="sine"/>
				<effect type="slide" end="0,-20" time="180" tween="sine" delay="80"/>
			</animation>
			<animation type="Conditional" condition="Control.IsVisible(20001)" reversible="false">
				<effect type="slide" end="0,-20" time="60" tween="sine"/>
				<effect type="slide" end="0,20" time="180" tween="sine" delay="80"/>
			</animation>
			<include>OpenClose_Down</include>
			<!-- Widgets do Topo Default -->
			<control type="group" id="2000">
				<include>Widget_Display_Top</include>
				<!-- Jogos ID 8000 -->
				<control type="group">
					<visible>String.IsEqual(Container(9000).ListItem.Property(id),games)</visible>
					<visible>!Control.HasFocus(9001)</visible>
					<include content="Visible_Bottom_Delayed">
						<param name="id" value="games"/>
					</include>
					<control type="grouplist" id="8000">
						<onup>9000</onup>
						<ondown>800</ondown>
						<include content="WidgetListHomePoster">
							<param name="content_path" value="$INFO[Skin.String(GamesWidgets.Path)]"/>
							<param name="widget_target" value="$INFO[Skin.String(GamesWidgets.Target)]"/>
							<param name="sortby" value="$INFO[Skin.String(GamesWidgets.Sort)]"/>
							<param name="sortorder" value="ascending"/>
							<param name="list_id" value="10"/>
							<param name="fallback_icon" value="defaultgames.png"/>
							<param name="aligny" value="bottom"/>
							<param name="aspect" value="keep"/>
						</include>
					</control>
					<control type="textbox">
						<visible>String.IsEmpty(Skin.String(GamesWidgets.Target))</visible>
						<top>300</top>
						<left>210</left>
						<width>1500</width>
						<height>100</height>
						<label>$LOCALIZE[31162]</label>
						<align>center</align>
					</control>
					<control type="label">
						<include>WidgetLabel</include>
						<label>$INFO[Skin.String(GamesWidgets.Name)]</label>
					</control>
				</control>
				<!-- Filmes ID 5000 -->
				<control type="group">
					<visible>String.IsEqual(Container(9000).ListItem.Property(id),movies)</visible>
					<include content="Visible_Bottom_Delayed">
						<param name="id" value="movies"/>
					</include>
					<control type="grouplist" id="5000">
						<onup>9000</onup>
						<ondown>800</ondown>
						<include content="WidgetListHomePoster">
							<param name="content_path" value="$INFO[Skin.String(MoviesWidgets.Path)]"/>
							<param name="widget_target" value="$INFO[Skin.String(MoviesWidgets.Target)]"/>
							<param name="sortby" value="$INFO[Skin.String(MoviesWidgets.Sort)]"/>
							<param name="sortorder" value=""/>
							<param name="list_id" value="10"/>
							<param name="fallback_icon" value="defaultmovies.png"/>
							<param name="aligny" value="bottom"/>
							<param name="aspect" value="keep"/>
						</include>
					</control>
					<control type="textbox">
						<visible>String.IsEmpty(Skin.String(MoviesWidgets.Target))</visible>
						<top>300</top>
						<left>210</left>
						<width>1500</width>
						<height>100</height>
						<label>$LOCALIZE[31105]</label>
						<align>center</align>
					</control>
					
					<control type="label">
						<include>WidgetLabel</include>
						<label>$INFO[Skin.String(MoviesWidgets.Name)]</label>
					</control>
				</control>
				<!-- Seriados ID 6000 -->
				<control type="group">
					<visible>String.IsEqual(Container(9000).ListItem.Property(id),tvshows)</visible>
					<include content="Visible_Bottom_Delayed">
						<param name="id" value="tvshows"/>
					</include>
					<control type="grouplist" id="6000">
						<onup>9000</onup>
						<ondown>800</ondown>
						<include content="WidgetListHomePoster">
							<param name="content_path" value="$INFO[Skin.String(TvShowsWidgets.Path)]"/>
							<param name="widget_target" value="$INFO[Skin.String(TvShowsWidgets.Target)]"/>
							<param name="sortby" value="$INFO[Skin.String(TvShowsWidgets.Sort)]"/>
							<param name="sortorder" value=""/>
							<param name="list_id" value="10"/>
							<param name="fallback_icon" value="defaulttvshows.png"/>
							<param name="aligny" value="bottom"/>
							<param name="aspect" value="keep"/>
						</include>
					</control>
					<control type="textbox">
						<visible>String.IsEmpty(Skin.String(TvShowsWidgets.Target))</visible>
						<top>300</top>
						<left>210</left>
						<width>1500</width>
						<height>100</height>
						<label>$LOCALIZE[31105]</label>
						<align>center</align>
					</control>
					<control type="label">
						<include>WidgetLabel</include>
						<label>$INFO[Skin.String(TvShowsWidgets.Name)]</label>
					</control>
				</control>
				<!-- Musicas ID 7000 -->
				<control type="group">
					<visible>String.IsEqual(Container(9000).ListItem.Property(id),music)</visible>
					<include content="Visible_Bottom_Delayed">
						<param name="id" value="music"/>
					</include>
					<control type="grouplist" id="7000">
						<onup>9000</onup>
						<ondown>800</ondown>
						<include content="WidgetListHomePoster">
							<param name="content_path" value="$INFO[Skin.String(MusicWidgets.Path)]"/>
							<param name="widget_target" value="$INFO[Skin.String(MusicWidgets.Target)]"/>
							<param name="sortby" value="$INFO[Skin.String(MusicWidgets.Sort)]"/>
							<param name="sortorder" value=""/>
							<param name="list_id" value="10"/>
							<param name="fallback_icon" value="defaultmusic.png"/>
							<param name="aligny" value="bottom"/>
							<param name="aspect" value="keep"/>
						</include>
					</control>
					<control type="textbox">
						<visible>String.IsEmpty(Skin.String(MusicWidgets.Target))</visible>
						<top>300</top>
						<left>210</left>
						<width>1500</width>
						<height>100</height>
						<label>$LOCALIZE[31221]</label>
						<align>center</align>
					</control>
					<control type="label">
						<include>WidgetLabel</include>
						<label>$INFO[Skin.String(MusicWidgets.Name)]</label>
					</control>
				</control>
				<!-- Imagens ID 4000 -->
				<control type="group">
					<visible>String.IsEqual(Container(9000).ListItem.Property(id),pictures)</visible>
					<visible>!Control.HasFocus(9001)</visible>
					<include content="Visible_Bottom_Delayed">
						<param name="id" value="pictures"/>
					</include>
					<control type="grouplist" id="4000">
						<onup>9000</onup>
						<ondown>800</ondown>
						<pagecontrol>4010</pagecontrol>
						<include content="WidgetListHomePoster">
							<param name="content_path" value="$INFO[Skin.String(PicturesWidgets.Path)]"/>
							<param name="widget_target" value="$INFO[Skin.String(PicturesWidgets.Target)]"/>
							<param name="sortby" value="$INFO[Skin.String(PicturesWidgets.Sort)]"/>
							<param name="sortorder" value=""/>
							<param name="list_id" value="10"/>
							<param name="fallback_icon" value="defaultpicture.png"/>
							<param name="aligny" value="bottom"/>
							<param name="aspect" value="keep"/>
						</include>
					</control>
					<control type="textbox">
						<visible>String.IsEmpty(Skin.String(PicturesWidgets.Target))</visible>
						<top>300</top>
						<left>210</left>
						<width>1500</width>
						<height>100</height>
						<label>$LOCALIZE[31111]</label>
						<align>center</align>
					</control>
					<control type="label">
						<include>WidgetLabel</include>
						<label>$INFO[Skin.String(PicturesWidgets.Name)]</label>
					</control>
				</control>
			</control>
			<!-- Widgets da Esquerda -->
			<control type="group" id="2002">
				<include>Widget_Display_Left</include>
				<!-- Meu Menu 1 -->
				<control type="group">
					<visible>String.IsEqual(Container(9002).ListItem.Property(id),MyMenu1)</visible>
					<include content="Visible_Bottom_Delayed">
						<param name="id" value="MyMenu1"/>
					</include>
					<control type="grouplist">
						<onup>9002</onup>
						<ondown>800</ondown>
						<include content="WidgetListHomePoster">
							<param name="content_path" value="$INFO[Skin.String(MyMenu1Widgets.Path)]"/>
							<param name="widget_target" value="$INFO[Skin.String(MyMenu1Widgets.Target)]"/>
							<param name="sortby" value="$INFO[Skin.String(MyMenu1Widgets.Sort)]"/>
							<param name="sortorder" value=""/>
							<param name="list_id" value="12"/>
							<param name="fallback_icon" value="defaultfile.png"/>
							<param name="aligny" value="bottom"/>
							<param name="aspect" value="keep"/>
						</include>
					</control>
					<control type="textbox">
						<visible>String.IsEmpty(Skin.String(MyMenu1Widgets.Target))</visible>
						<top>300</top>
						<left>210</left>
						<width>1500</width>
						<height>100</height>
						<label>$LOCALIZE[31135]</label>
						<align>center</align>
					</control>
					<control type="label">
						<include>WidgetLabel</include>
						<label>$INFO[Skin.String(MyMenu1Widgets.Name)]</label>
					</control>
				</control>
				<!-- Meu Menu 2 -->
				<control type="group">
					<visible>String.IsEqual(Container(9002).ListItem.Property(id),MyMenu2)</visible>
					<include content="Visible_Bottom_Delayed">
						<param name="id" value="MyMenu2"/>
					</include>
					<control type="grouplist" id="5000">
						<onup>9002</onup>
						<ondown>800</ondown>
						<include content="WidgetListHomePoster">
							<param name="content_path" value="$INFO[Skin.String(MyMenu2Widgets.Path)]"/>
							<param name="widget_target" value="$INFO[Skin.String(MyMenu2Widgets.Target)]"/>
							<param name="sortby" value="$INFO[Skin.String(MyMenu2Widgets.Sort)]"/>
							<param name="sortorder" value=""/>
							<param name="list_id" value="12"/>
							<param name="fallback_icon" value="defaultfile.png"/>
							<param name="aligny" value="bottom"/>
							<param name="aspect" value="keep"/>
						</include>
					</control>
					<control type="textbox">
						<visible>String.IsEmpty(Skin.String(MyMenu2Widgets.Target))</visible>
						<top>300</top>
						<left>210</left>
						<width>1500</width>
						<height>100</height>
						<label>$LOCALIZE[31135]</label>
						<align>center</align>
					</control>
					<control type="label">
						<include>WidgetLabel</include>
						<label>$INFO[Skin.String(MyMenu2Widgets.Name)]</label>
					</control>
				</control>
				<!-- Meu Menu 3 -->
				<control type="group">
					<visible>String.IsEqual(Container(9002).ListItem.Property(id),MyMenu3)</visible>
					<include content="Visible_Bottom_Delayed">
						<param name="id" value="MyMenu3"/>
					</include>
					<control type="grouplist" id="5000">
						<onup>9002</onup>
						<ondown>800</ondown>
						<include content="WidgetListHomePoster">
							<param name="content_path" value="$INFO[Skin.String(MyMenu3Widgets.Path)]"/>
							<param name="widget_target" value="$INFO[Skin.String(MyMenu3Widgets.Target)]"/>
							<param name="sortby" value="$INFO[Skin.String(MyMenu3Widgets.Sort)]"/>
							<param name="sortorder" value=""/>
							<param name="list_id" value="12"/>
							<param name="fallback_icon" value="defaultfile.png"/>
							<param name="aligny" value="bottom"/>
							<param name="aspect" value="keep"/>
						</include>
					</control>
					<control type="textbox">
						<visible>String.IsEmpty(Skin.String(MyMenu3Widgets.Target))</visible>
						<top>300</top>
						<left>210</left>
						<width>1500</width>
						<height>100</height>
						<label>$LOCALIZE[31135]</label>
						<align>center</align>
					</control>
					<control type="label">
						<include>WidgetLabel</include>
						<label>$INFO[Skin.String(MyMenu3Widgets.Name)]</label>
					</control>
				</control>
				<!-- Meu Menu 4 -->
				<control type="group">
					<visible>String.IsEqual(Container(9002).ListItem.Property(id),MyMenu4)</visible>
					<include content="Visible_Bottom_Delayed">
						<param name="id" value="MyMenu4"/>
					</include>
					<control type="grouplist" id="5000">
						<onup>9002</onup>
						<ondown>800</ondown>
						<include content="WidgetListHomePoster">
							<param name="content_path" value="$INFO[Skin.String(MyMenu4Widgets.Path)]"/>
							<param name="widget_target" value="$INFO[Skin.String(MyMenu4Widgets.Target)]"/>
							<param name="sortby" value="$INFO[Skin.String(MyMenu4Widgets.Sort)]"/>
							<param name="sortorder" value=""/>
							<param name="list_id" value="12"/>
							<param name="fallback_icon" value="defaultfile.png"/>
							<param name="aligny" value="bottom"/>
							<param name="aspect" value="keep"/>
						</include>
					</control>
					<control type="textbox">
						<visible>String.IsEmpty(Skin.String(MyMenu4Widgets.Target))</visible>
						<top>300</top>
						<left>210</left>
						<width>1500</width>
						<height>100</height>
						<label>$LOCALIZE[31135]</label>
						<align>center</align>
					</control>
					<control type="label">
						<include>WidgetLabel</include>
						<label>$INFO[Skin.String(MyMenu4Widgets.Name)]</label>
					</control>
				</control>
				<!-- My Menu 5 -->
				<control type="group">
					<visible>String.IsEqual(Container(9002).ListItem.Property(id),MyMenu5)</visible>
					<include content="Visible_Bottom_Delayed">
						<param name="id" value="MyMenu5"/>
					</include>
					<control type="grouplist" id="5000">
						<onup>9002</onup>
						<ondown>800</ondown>
						<include content="WidgetListHomePoster">
							<param name="content_path" value="$INFO[Skin.String(MyMenu5Widgets.Path)]"/>
							<param name="widget_target" value="$INFO[Skin.String(MyMenu5Widgets.Target)]"/>
							<param name="sortby" value="$INFO[Skin.String(MyMenu5Widgets.Sort)]"/>
							<param name="sortorder" value=""/>
							<param name="list_id" value="12"/>
							<param name="fallback_icon" value="defaultfile.png"/>
							<param name="aligny" value="bottom"/>
							<param name="aspect" value="keep"/>
						</include>
					</control>
					<control type="textbox">
						<visible>String.IsEmpty(Skin.String(MyMenu5Widgets.Target))</visible>
						<top>300</top>
						<left>210</left>
						<width>1500</width>
						<height>100</height>
						<label>$LOCALIZE[31135]</label>
						<align>center</align>
					</control>
					<control type="label">
						<include>WidgetLabel</include>
						<label>$INFO[Skin.String(MyMenu5Widgets.Name)]</label>
					</control>
				</control>
			</control>
			<!-- Widgets da Direita -->
			<control type="group" id="2001">
				<include>Widget_Display_Right</include>
				<!-- Meu Menu 6 -->
				<control type="group">
					<visible>String.IsEqual(Container(9001).ListItem.Property(id),MyMenu6)</visible>
					<include content="Visible_Bottom_Delayed">
						<param name="id" value="MyMenu6"/>
					</include>
					<control type="grouplist" id="5000">
						<onup>9001</onup>
						<ondown>800</ondown>
						<include content="WidgetListHomePoster">
							<param name="content_path" value="$INFO[Skin.String(MyMenu6Widgets.Path)]"/>
							<param name="widget_target" value="$INFO[Skin.String(MyMenu6Widgets.Target)]"/>
							<param name="sortby" value="$INFO[Skin.String(MyMenu6Widgets.Sort)]"/>
							<param name="sortorder" value=""/>
							<param name="list_id" value="11"/>
							<param name="fallback_icon" value="defaultfile.png"/>
							<param name="aligny" value="bottom"/>
							<param name="aspect" value="keep"/>
						</include>
					</control>
					<control type="textbox">
						<visible>String.IsEmpty(Skin.String(MyMenu6Widgets.Target))</visible>
						<top>300</top>
						<left>210</left>
						<width>1500</width>
						<height>100</height>
						<label>$LOCALIZE[31135]</label>
						<align>center</align>
					</control>
					<control type="label">
						<include>WidgetLabel</include>
						<label>$INFO[Skin.String(MyMenu6Widgets.Name)]</label>
					</control>
				</control>
				<!-- Meu Menu 7 -->
				<control type="group">
					<visible>String.IsEqual(Container(9001).ListItem.Property(id),MyMenu7)</visible>
					<include content="Visible_Bottom_Delayed">
						<param name="id" value="MyMenu7"/>
					</include>
					<control type="grouplist" id="5000">
						<onup>9001</onup>
						<ondown>800</ondown>
						<include content="WidgetListHomePoster">
							<param name="content_path" value="$INFO[Skin.String(MyMenu7Widgets.Path)]"/>
							<param name="widget_target" value="$INFO[Skin.String(MyMenu7Widgets.Target)]"/>
							<param name="sortby" value="$INFO[Skin.String(MyMenu7Widgets.Sort)]"/>
							<param name="sortorder" value=""/>
							<param name="list_id" value="11"/>
							<param name="fallback_icon" value="defaultfile.png"/>
							<param name="aligny" value="bottom"/>
							<param name="aspect" value="keep"/>
						</include>
					</control>
					<control type="textbox">
						<visible>String.IsEmpty(Skin.String(MyMenu7Widgets.Target))</visible>
						<top>300</top>
						<left>210</left>
						<width>1500</width>
						<height>100</height>
						<label>$LOCALIZE[31135]</label>
						<align>center</align>
					</control>
					<control type="label">
						<include>WidgetLabel</include>
						<label>$INFO[Skin.String(MyMenu7Widgets.Name)]</label>
					</control>
				</control>
				<!-- Meu Menu 8 -->
				<control type="group">
					<visible>String.IsEqual(Container(9001).ListItem.Property(id),MyMenu8)</visible>
					<include content="Visible_Bottom_Delayed">
						<param name="id" value="MyMenu8"/>
					</include>
					<control type="grouplist" id="5000">
						<onup>9001</onup>
						<ondown>800</ondown>
						<include content="WidgetListHomePoster">
							<param name="content_path" value="$INFO[Skin.String(MyMenu8Widgets.Path)]"/>
							<param name="widget_target" value="$INFO[Skin.String(MyMenu8Widgets.Target)]"/>
							<param name="sortby" value="$INFO[Skin.String(MyMenu8Widgets.Sort)]"/>
							<param name="sortorder" value=""/>
							<param name="list_id" value="11"/>
							<param name="fallback_icon" value="defaultfile.png"/>
							<param name="aligny" value="bottom"/>
							<param name="aspect" value="keep"/>
						</include>
					</control>
					<control type="textbox">
						<visible>String.IsEmpty(Skin.String(MyMenu8Widgets.Target))</visible>
						<top>300</top>
						<left>210</left>
						<width>1500</width>
						<height>100</height>
						<label>$LOCALIZE[31135]</label>
						<align>center</align>
					</control>
					<control type="label">
						<include>WidgetLabel</include>
						<label>$INFO[Skin.String(MyMenu8Widgets.Name)]</label>
					</control>
				</control>
				<!-- Meu Menu 9 -->
				<control type="group">
					<visible>String.IsEqual(Container(9001).ListItem.Property(id),MyMenu9)</visible>
					<include content="Visible_Bottom_Delayed">
						<param name="id" value="MyMenu9"/>
					</include>
					<control type="grouplist" id="5000">
						<onup>9001</onup>
						<ondown>800</ondown>
						<include content="WidgetListHomePoster">
							<param name="content_path" value="$INFO[Skin.String(MyMenu9Widgets.Path)]"/>
							<param name="widget_target" value="$INFO[Skin.String(MyMenu9Widgets.Target)]"/>
							<param name="sortby" value="$INFO[Skin.String(MyMenu9Widgets.Sort)]"/>
							<param name="sortorder" value=""/>
							<param name="list_id" value="11"/>
							<param name="fallback_icon" value="defaultfile.png"/>
							<param name="aligny" value="bottom"/>
							<param name="aspect" value="keep"/>
						</include>
					</control>
					<control type="textbox">
						<visible>String.IsEmpty(Skin.String(MyMenu9Widgets.Target))</visible>
						<top>300</top>
						<left>210</left>
						<width>1500</width>
						<height>100</height>
						<label>$LOCALIZE[31135]</label>
						<align>center</align>
					</control>
					<control type="label">
						<include>WidgetLabel</include>
						<label>$INFO[Skin.String(MyMenu9Widgets.Name)]</label>
					</control>
				</control>
				<!-- Meu Menu 10 -->
				<control type="group">
					<visible>String.IsEqual(Container(9001).ListItem.Property(id),MyMenu10)</visible>
					<include content="Visible_Bottom_Delayed">
						<param name="id" value="MyMenu10"/>
					</include>
					<control type="grouplist" id="5000">
						<onup>9001</onup>
						<ondown>800</ondown>
						<include content="WidgetListHomePoster">
							<param name="content_path" value="$INFO[Skin.String(MyMenu10Widgets.Path)]"/>
							<param name="widget_target" value="$INFO[Skin.String(MyMenu10Widgets.Target)]"/>
							<param name="sortby" value="$INFO[Skin.String(MyMenu10Widgets.Sort)]"/>
							<param name="sortorder" value=""/>
							<param name="list_id" value="11"/>
							<param name="fallback_icon" value="defaultfile.png"/>
							<param name="aligny" value="bottom"/>
							<param name="aspect" value="keep"/>
						</include>
					</control>
					<control type="textbox">
						<visible>String.IsEmpty(Skin.String(MyMenu10Widgets.Target))</visible>
						<top>300</top>
						<left>210</left>
						<width>1500</width>
						<height>100</height>
						<label>$LOCALIZE[31135]</label>
						<align>center</align>
					</control>
					<control type="label">
						<include>WidgetLabel</include>
						<label>$INFO[Skin.String(MyMenu10Widgets.Name)]</label>
					</control>
				</control>
			</control>
		</control>
	</include>
</includes>
