<?xml version="1.0" encoding="UTF-8"?>
<includes>
	<include name="View_504_SteamBanner">
		<control type="group">
			<include>OpenClose_Right</include>
			<left>0</left>
			<top>0</top>
			<visible>Control.IsVisible(504)</visible>
			<include>Visible_Right</include>
			<control type="panel" id="504">
				<right>0</right>
				<top>0</top>
				<width>1840</width>
				<height>100%</height>
				<onleft>9000</onleft>
				<onright>531</onright>
				<onup>504</onup>
				<ondown>504</ondown>
				<viewtype label="SteamBanner">wide</viewtype>
				<preloaditems>2</preloaditems>
				<pagecontrol>531</pagecontrol>
				<scrolltime tween="cubic" easing="out">500</scrolltime>
				<itemlayout height="300" width="900">
					<control type="group">
						<top>100</top>
						<control type="image">
							<left>0</left>
							<top>0</top>
							<width>910</width>
							<height>320</height>
							<texture fallback="dialogs/dialog-bg-nobo.png" background="true">$VAR[BannerArtVar]</texture>
							<aspectratio aligny="center">scale</aspectratio>
							<bordertexture border="21">overlays/shadow.png</bordertexture>
							<bordersize>20</bordersize>
						</control>
						<control type="textbox">
							<left>20</left>
							<top>30</top>
							<width>800</width>
							<height>220</height>
							<label>$INFO[ListItem.Label]</label>
							<font>font52_title</font>
							<shadowcolor>black</shadowcolor>
							<aligny>center</aligny>
							<align>center</align>
							<visible>String.IsEmpty(ListItem.Art(banner)) + !Listitem.IsParentFolder</visible>
						</control>
						<control type="group">
							<left>405</left>
							<include condition="Skin.HasSetting(circle_rating) | Skin.HasSetting(circle_userrating)">RatingCircle</include>
						</control>
					</control>
				</itemlayout>
				<focusedlayout height="300" width="900">
					<control type="group">
						<depth>DepthContentPopout</depth>
						<animation type="Focus">
							<effect type="zoom" start="100" end="110" time="200" tween="sine" easing="inout" center="450,250" />
						</animation>
						<animation type="Unfocus">
							<effect type="zoom" start="110" end="100" time="200" tween="sine" easing="inout" center="450,250" />
						</animation>
						<top>100</top>
						<control type="image">
							<left>0</left>
							<top>0</top>
							<width>910</width>
							<height>320</height>
							<texture fallback="dialogs/dialog-bg-nobo.png" background="true">$VAR[BannerArtVar]</texture>
							<aspectratio aligny="center">scale</aspectratio>
							<bordertexture border="21">overlays/shadow.png</bordertexture>
							<bordersize>20</bordersize>
						</control>
						<control type="textbox">
							<left>20</left>
							<top>30</top>
							<width>800</width>
							<height>220</height>
							<label>$INFO[ListItem.Label]</label>
							<font>font52_title</font>
							<shadowcolor>black</shadowcolor>
							<aligny>center</aligny>
							<align>center</align>
							<visible>String.IsEmpty(ListItem.Art(banner)) + !Listitem.IsParentFolder</visible>
						</control>
						<control type="group">
							<include>Animation_FocusTextureFade</include>
							<control type="image">
								<left>16</left>
								<top>16</top>
								<width>877</width>
								<height>287</height>
								<texture border="8" colordiffuse="button_focus">buttons/thumbnail_focused.png</texture>
							</control>
							<control type="image">
								<left>20</left>
								<top>240</top>
								<width>869</width>
								<height>60</height>
								<texture>overlays/overlayfade.png</texture>
								<animation effect="fade" start="0" end="80" time="50">Focus</animation>
								<visible>!Listitem.IsParentFolder</visible>
							</control>
							<control type="image">
								<left>35</left>
								<top>260</top>
								<width>32</width>
								<height>32</height>
								<texture>$VAR[ListWatchedIconVar]</texture>
							</control>
							<control type="image">
								<right>220</right>
								<top>265</top>
								<width>22</width>
								<height>22</height>
								<texture>lists/rating.png</texture>
								<visible>!String.IsEmpty(ListItem.Rating)</visible>
							</control>
							<control type="label">
								<right>258</right>
								<top>265</top>
								<width>800</width>
								<height>20</height>
								<font>font12</font>
								<align>right</align>
								<aligny>center</aligny>
								<label>$INFO[ListItem.Rating]</label>
								<visible>!String.IsEmpty(ListItem.Rating)</visible>
							</control>
							<control type="image">
								<right>73</right>
								<top>215</top>
								<width>22</width>
								<height>22</height>
								<texture>lists/played-total.png</texture>
								<visible>String.IsEqual(Listitem.dbtype,tvshow) + !String.IsEmpty(ListItem.Property(TotalEpisodes))</visible>
							</control>
							<control type="label">
								<left>80</left>
								<top>265</top>
								<width>800</width>
								<height>20</height>
								<font>font12</font>
								<aligny>center</aligny>
								<label>$INFO[ListItem.Label]</label>
								<visible>!Listitem.IsParentFolder</visible>
							</control>							
						</control>
						<control type="group">
							<left>405</left>
							<include condition="Skin.HasSetting(circle_rating) | Skin.HasSetting(circle_userrating)">RatingCircle</include>
						</control>
					</control>
				</focusedlayout>
			</control>
		</control>
	</include>
</includes>
