<?xml version="1.0" encoding="UTF-8" standalone="yes"?>
<addon id="repository.mediacenter" name="Media Center Repository" version="1.0.0" provider-name="joaosagrath">
    <extension point="xbmc.addon.repository" name="Example Repository">
        <dir>
            <info compressed="false">https://raw.githubusercontent.com/joaosagrath/mediacenter.repository/master/repo/zips/addons.xml</info>
            <checksum>https://raw.githubusercontent.com/joaosagrath/mediacenter.repository/master/repo/zips/addons.xml.md5</checksum>
            <datadir zip="true">https://raw.githubusercontent.com/joaosagrath/mediacenter.repository/master/repo/zips/</datadir>
        </dir>
    </extension>
    <extension point="xbmc.addon.metadata">
        <summary>Media Center Repository</summary>
        <description>BETA repository for Media Center Skin</description>
        <disclaimer></disclaimer>
        <platform>all</platform>
        <assets>
            <icon>icon.png</icon>
            <fanart>fanart.jpg</fanart>
        </assets>
    </extension>
</addon>