<?xml version="1.0" encoding="UTF-8"?>
<window>
	<defaultcontrol always="true">50</defaultcontrol>
	<backgroundcolor>background</backgroundcolor>
	<views>505,50</views>
	<menucontrol>9000</menucontrol>
	<controls>
		<include>DefaultBackground</include>
		<control type="group">
			<animation effect="fade" start="100" end="0" time="200" tween="sine" condition="$EXP[infodialog_active]">Conditional</animation>
			<animation type="Conditional" condition="Control.HasFocus(900) + Skin.HasSetting(no_slide_animations)">
				<effect type="fade" start="100" end="0" time="300" tween="sine" delay="300" easing="out"/>
			</animation>
			<animation type="Conditional" condition="Control.HasFocus(900) + !Skin.HasSetting(no_slide_animations)">
				<effect type="fade" start="100" end="0" time="300" tween="sine" delay="300" easing="out"/>
				<effect type="slide" start="0,0" end="0,500" time="400" delay="300" tween="cubic" easing="out"/>
			</animation>
			<control type="image">
				<width>100%</width>
				<height>100%</height>
				<colordiffuse>60FFFFFF</colordiffuse>
				<texture>$INFO[ListItem.FolderPath]</texture>
				<aspectratio aligny="center" alignx="center">scale</aspectratio>
				<fadetime>500</fadetime>
			</control>
			<!-- <control type="label">
				<left>50</left>
				<right>50</right>
				<top>800</top>
				<label>$INFO[ListItem.FolderPath]</label>
			</control> -->
			
			
			<include>View_505_ListPics</include>
			<include>ViewBasic</include>
			<include>CommonScrollbars</include>
			<control type="group">
				<depth>DepthContentPanel</depth>
				<include>OpenClose_Left</include>
				<visible>Control.Isvisible(54)</visible>
				<include>Visible_Left</include>
				<include>ListThumbInfoPanel</include>
			</control>
		</control>
		<include content="TopBar">
			<param name="breadcrumbs_label" value="$LOCALIZE[1213]"/>
		</include>
		<include content="BottomBar">
			<param name="info_visible" value="true"/>
		</include>
		<include>MediaMenuMouseOverlay</include>
		<control type="group">
			<include>MediaMenuCommon</include>
			<control type="grouplist" id="9000">
				<top>50</top>
				<include>MediaMenuListCommon</include>
				<control type="label" id="203">
					<description>Actions</description>
					<include>MediaMenuLabelCommon</include>
					<label>$LOCALIZE[31020]</label>
				</control>
				<control type="button" id="6">
					<label>$LOCALIZE[13317]</label>
					<include>MediaMenuItemsCommon</include>
				</control>
				<control type="button" id="7">
					<label>$LOCALIZE[13318]</label>
					<include>MediaMenuItemsCommon</include>
				</control>
				<control type="radiobutton" id="9">
					<label>$LOCALIZE[13319]</label>
					<include>MediaMenuItemsCommon</include>
				</control>
				<control type="button" id="622">
					<include>MediaMenuItemsCommon</include>
					<label>$LOCALIZE[31124]</label>
					<onclick condition="System.HasAddon(script.maps.browser)">RunScript(script.maps.browser,folder=$INFO[Container.FolderPath])</onclick>
					<onclick condition="!System.HasAddon(script.maps.browser)">InstallAddon(script.maps.browser)</onclick>
					<visible>Container.Content(images) + String.IsEmpty(Container.PluginName)</visible>
				</control>
				<control type="button" id="624">
					<include>MediaMenuItemsCommon</include>
					<label>$LOCALIZE[10140]</label>
					<onclick>Addon.OpenSettings($INFO[Container.PluginName])</onclick>
					<visible>!String.IsEmpty(Container.PluginName)</visible>
				</control>
				<control type="button" id="621">
					<description>Get more</description>
					<include>MediaMenuItemsCommon</include>
					<label>$LOCALIZE[21452]</label>
					<onclick>ActivateWindow(addonbrowser,addons://more/image/,return)</onclick>
					<visible>Container.Content(addons)</visible>
				</control>
				<control type="button" id="625">
					<include>MediaMenuItemsCommon</include>
					<label>$LOCALIZE[31223]</label>
					<onclick>ActivateWindow(settings)</onclick>
				</control>
				<include>MediaMenuNowPlaying</include>
			</control>
		</control>
		<!-- Esconde Elementos da Tela -->
		<control type="button" id="900">
			<onup>50</onup>
			<ondown>50</ondown>
			<onleft>50</onleft>
			<onright>50</onright>
			<onfocus/>
			<onback>SetFocus(50)</onback>
			<include>HiddenObject</include>
		</control>
	</controls>
</window>
