<?xml version="1.0" encoding="UTF-8"?>
<includes>
	<!-- Start Sagrath Custom -->
	<include name="Sort_Widgets">
		<definition>
			<control type="panel" id="100">
				<top>100</top>
				<itemgap>100</itemgap>
				<height>350</height>
				<orientation>vertical</orientation>
				<animation effect="slide" start="0,0" end="0,220" time="100" easing="inout" condition="Control.HasFocus(9000) | Control.HasFocus(9001) | Control.HasFocus(9002) | Control.HasFocus(10) | Control.HasFocus(11) | Control.HasFocus(12) | Control.HasFocus(801) | Control.HasFocus(802) | Control.HasFocus(803) | Control.HasFocus(804) | Control.HasFocus(805) | Control.HasFocus(806) | Control.HasFocus(807) | Control.HasFocus(808) | Control.HasFocus(809)">Conditional</animation>
				<itemlayout height="75" width="270">
					<!-- <control type="image">
						<left>0</left>
						<top>0</top>
						<width>270</width>
						<height>120</height>
						<texture>flags\flag.png</texture>
					</control> -->
					<control type="label">
						<left>0</left>
						<top>0</top>
						<width>270</width>
						<label>$INFO[ListItem.Label]</label>
						<font>font10</font>
						<shadowcolor>text_shadow</shadowcolor>
						<align>center</align>
						<aligny>center</aligny>
					</control>
				</itemlayout>
				<focusedlayout height="75" width="270">
					<!-- <control type="image">
						<left>0</left>
						<top>0</top>
						<width>270</width>
						<height>120</height>
						<texture>flags\flag.png</texture>
					</control> -->
					<control type="label">
						<left>0</left>
						<top>0</top>
						<width>270</width>
						<label>$INFO[ListItem.Label]</label>
						<font>font10</font>
						<textcolor>button_focus</textcolor>
						<shadowcolor>text_shadow</shadowcolor>
						<align>center</align>
						<aligny>center</aligny>
					</control>
				</focusedlayout>
				<content>
					<item>
						<label>$PARAM[SortByTitleLabel]</label>
						<onclick>$PARAM[SortByTitleClick]</onclick>
					</item>					
					<item>
						<label>$PARAM[SortByYearLabel]</label>
						<onclick>$PARAM[SortByYearClick]</onclick>
					</item>					
					<item>
						<label>$PARAM[SortByGenreLabel]</label>
						<onclick>$PARAM[SortByGenreClick]</onclick>
					</item>					
					<item>
						<label>$PARAM[SortByStudioLabel]</label>
						<onclick>$PARAM[SortByStudioClick]</onclick>
					</item>					
					<item>
						<label>$PARAM[SortByDefaultLabel]</label>
						<onclick>$PARAM[SortByDefaultClick]</onclick>
					</item>					
					<item>
						<label>$PARAM[EditWidgetsLabel]</label>
						<onclick>$PARAM[EditWidgetsClick]</onclick>
					</item>					
					<item>
						<label>$PARAM[HideThisMenuLabel]</label>
						<textoffsetx>40</textoffsetx>
						<onclick>$PARAM[HideThisMenuClick]</onclick>
						<onclick>Control.SetFocus(20004)</onclick>
					</item>

					<item>
						<label>$PARAM[SubMenu1Label]</label>
						<onclick>$PARAM[SubMenu1Click]</onclick>
					</item>
					<item>
						<label>$PARAM[SubMenu2Label]</label>
						<onclick>$PARAM[SubMenu2Click]</onclick>
					</item>
					<item>
						<label>$PARAM[SubMenu3Label]</label>
						<onclick>$PARAM[SubMenu3Click]</onclick>
					</item>
					<item>
						<label>$PARAM[SubMenu4Label]</label>
						<onclick>$PARAM[SubMenu4Click]</onclick>
					</item>
					<item>
						<label>$PARAM[SubMenu5Label]</label>
						<onclick>$PARAM[SubMenu5Click]</onclick>
					</item>
					<item>
						<label>$PARAM[SubMenu6Label]</label>
						<onclick>$PARAM[SubMenu6Click]</onclick>
					</item>
					<item>
						<label>$PARAM[SubMenu7Label]</label>
						<onclick>$PARAM[SubMenu7Click]</onclick>
					</item>
				</content>
				
				<!-- <control type="grouplist" id="8001">
					<orientation>horizontal</orientation>
					<align>left</align>
					<control type="button" id="102">
						
					<control type="button" id="107">
						<width>380</width>
						<height>110</height>
						<label>$PARAM[RefreshWidgetsLabel]</label>
						<textoffsetx>40</textoffsetx>
						<onclick>$PARAM[RefreshWidgetsClick]</onclick>
						<onup>102</onup>
						<align>center</align>
						<texturefocus border="23" colordiffuse="button_focus">buttons/dialogbutton-fo.png</texturefocus>
						<texturenofocus border="40">dialogs/dialog-bg.png</texturenofocus>
					</control>
					<control type="button" id="108">
						<width>380</width>
						<height>110</height>
						<label>$PARAM[EditWidgetsLabel]</label>
						<textoffsetx>40</textoffsetx>
						<onclick>$PARAM[EditWidgetsClick]</onclick>
						<onup>103</onup>
						<align>center</align>
						<texturefocus border="23" colordiffuse="button_focus">buttons/dialogbutton-fo.png</texturefocus>
						<texturenofocus border="40">dialogs/dialog-bg.png</texturenofocus>
					</control>
					<control type="button" id="109">
						<width>380</width>
						<height>110</height>
						<label>$PARAM[HideThisMenuLabel]</label>
						<textoffsetx>40</textoffsetx>
						<onclick>$PARAM[HideThisMenuClick]</onclick>
						<onclick>Control.SetFocus(20004)</onclick>
						<onup>104</onup>
						<align>center</align>
						<texturefocus border="23" colordiffuse="button_focus">buttons/dialogbutton-fo.png</texturefocus>
						<texturenofocus border="40">dialogs/dialog-bg.png</texturenofocus>
					</control>
				</control> -->
			</control>
		</definition>
	</include>
	<include name="WidgetListHomePoster">
		<definition>
			<include content="CategoryLabel">
				<param name="label">$PARAM[widget_header]</param>
				<param name="list_id" value="$PARAM[list_id]"/>
				<param name="visible" value="$PARAM[visible]"/>
				<param name="onup" value="$PARAM[onup]"/>
			</include>
			<control type="fixedlist" id="$PARAM[list_id]">
				<left>0</left>
				<top>525</top>
				<right>0</right>
				<height>312</height>
				<onleft>$PARAM[list_id]</onleft>
				<onright>$PARAM[list_id]</onright>
				<onup>$PARAM[onup]</onup>
				<ondown>$PARAM[ondown]</ondown>
				<scrolltime>300</scrolltime>
				<autoscroll delay="6000" time="3000">[Control.HasFocus(10) | Control.HasFocus(11) | Control.HasFocus(12)]  + Skin.HasSetting(WidgetAutoScroll) + System.IdleTime(3)</autoscroll>
				<include content="WidgetListCommon">
					<param name="list_id" value="$PARAM[list_id]"/>
				</include>
				<itemlayout width="212" height="295">
					<control type="group">
						<animation effect="slide" end="212" time="100" condition="Control.HasFocus(10) | Control.HasFocus(11) | Control.HasFocus(12) | Window.IsActive(10106)">Conditional</animation>
						<animation effect="fade" start="100" end="0" time="300" condition="[Control.HasFocus(10) | Control.HasFocus(11) | Control.HasFocus(12)] + [Skin.HasSetting(FadeWidgetIdle) + System.IdleTime(3)]">Conditional</animation>
						<control type="image">
							<left>10</left>
							<top>0</top>
							<width>210</width>
							<height>295</height>
							<texture fallback="$PARAM[fallback_icon]" diffuse="posterdiffuse.png">$VAR[PosterThumbVar]</texture>
							<aspectratio align="center" aligny="$PARAM[aligny]">$PARAM[aspect]</aspectratio>
							<bordersize>20</bordersize>
							<bordertexture border="50">overlays/shadow.png</bordertexture>
						</control>
					</control>
				</itemlayout>
				<focusedlayout width="212" height="295">
					<control type="group">
						<animation type="Focus">
							<effect type="zoom" start="100" end="200" time="300" tween="sine" easing="inout" center="0,105"/>
						</animation>
						<animation type="Unfocus">
							<effect type="zoom" start="200" end="100" time="100" tween="sine" easing="inout" center="0,105"/>
						</animation>
						<control type="image">
							<left>10</left>
							<top>0</top>
							<width>210</width>
							<height>295</height>
							<texture fallback="$PARAM[fallback_icon]" diffuse="posterdiffuse.png">$VAR[PosterThumbVar]</texture>
							<aspectratio align="center" aligny="$PARAM[aligny]">$PARAM[aspect]</aspectratio>
							<bordersize>20</bordersize>
							<bordertexture border="50">overlays/shadow.png</bordertexture>
						</control>
					</control>
				</focusedlayout>
				<content sortby="$PARAM[sortby]" sortorder="$PARAM[sortorder]" target="$PARAM[widget_target]">$PARAM[content_path]</content>
			</control>
		</definition>
	</include>
	<include name="WidgetListHomePosterPreview">
		<left>470</left>
		<width>1450</width>
		<!-- <top>555</top> -->
		<bottom>210</bottom>
		<right>0</right>
		<height>312</height>
		<scrolltime>300</scrolltime>
		<orientation>horizontal</orientation>
		<itemlayout width="205" height="295">
			<control type="image">
				<left>10</left>
				<top>0</top>
				<width>210</width>
				<height>295</height>
				<texture>$VAR[PosterThumbVar]</texture>
				<aspectratio align="center" aligny="bottom">keep</aspectratio>
				<bordersize>20</bordersize>
				<bordertexture border="50">overlays/shadow.png</bordertexture>
			</control>
		</itemlayout>
		<focusedlayout width="205" height="295">
			<control type="image">
				<left>10</left>
				<top>0</top>
				<width>210</width>
				<height>295</height>
				<texture>$VAR[PosterThumbVar]</texture>
				<aspectratio align="center" aligny="bottom">keep</aspectratio>
				<bordersize>20</bordersize>
				<bordertexture border="50">overlays/shadow.png</bordertexture>
			</control>
		</focusedlayout>
	</include>
	<!-- End of Sagrath Custom -->
	<include name="CategoryLabel">
		<param name="visible">true</param>
		<param name="item_treshold">0</param>
		<definition>
			<control type="label" id="$PARAM[list_id]666">
				<left>55</left>
				<top>80</top>
				<width>900</width>
				<height>90</height>
				<label>$PARAM[label]</label>
				<shadowcolor>text_shadow</shadowcolor>
				<visible>$PARAM[visible]</visible>
				<!-- <visible>Integer.IsGreater(Container($PARAM[list_id]).NumItems,$PARAM[item_treshold]) | [Container($PARAM[list_id]).IsUpdating + Integer.IsEqual(Container($PARAM[list_id]).NumItems,0)]</visible> -->
			</control>
		</definition>
	</include>
	<include name="ImageWidget">
		<param name="visible">true</param>
		<param name="visible_1">true</param>
		<param name="visible_2">true</param>
		<param name="visible_3">false</param>
		<param name="button2_label">$LOCALIZE[31116]</param>
		<param name="button2_onclick">true</param>
		<definition>
			<control type="group" id="$PARAM[button_id]889">
				<visible>$PARAM[visible]</visible>
				<control type="grouplist" id="$PARAM[button_id]577">
					<orientation>vertical</orientation>
					<top>550</top>
					<height>400</height>
					<left>50</left>
					<right>50</right>
					<align>center</align>
					<control type="textbox">
						<width>100%</width>
						<height>150</height>
						<label>$PARAM[text_label]</label>
						<align>center</align>
						<aligny>center</aligny>
						<font>font14</font>
					</control>
					<control type="grouplist" id="$PARAM[button_id]567">
						<width>100%</width>
						<orientation>horizontal</orientation>
						<align>center</align>
						<onleft>9000</onleft>
						<onright>9000</onright>
						<control type="button" id="$PARAM[button_id]">
							<width>auto</width>
							<height>110</height>
							<label>$PARAM[button_label]</label>
							<textoffsetx>40</textoffsetx>
							<onclick>$PARAM[button_onclick]</onclick>
							<onclick>$PARAM[button_onclick2]</onclick>
							<onup>$PARAM[onup]</onup>
							<ondown>$PARAM[ondown]</ondown>
							<ondown>$PARAM[ondown_empty]</ondown>
							<align>center</align>
							<texturefocus border="23" colordiffuse="button_focus">buttons/dialogbutton-fo.png</texturefocus>
							<texturenofocus border="40">buttons/dialogbutton-nofo.png</texturenofocus>
							<visible>$PARAM[visible_1]</visible>
						</control>
						<control type="button" id="$PARAM[button_id]568">
							<width>auto</width>
							<height>110</height>
							<label>$PARAM[button2_label]</label>
							<textoffsetx>40</textoffsetx>
							<onclick>$PARAM[button2_onclick]</onclick>
							<onup>$PARAM[onup]</onup>
							<ondown>$PARAM[ondown]</ondown>
							<ondown>$PARAM[ondown_empty]</ondown>
							<onclick>SetFocus(9000)</onclick>
							<align>center</align>
							<texturefocus border="23" colordiffuse="button_focus">buttons/dialogbutton-fo.png</texturefocus>
							<texturenofocus border="40">buttons/dialogbutton-nofo.png</texturenofocus>
							<visible>$PARAM[visible_2]</visible>
						</control>
						<control type="button" id="$PARAM[button_id]569">
							<width>auto</width>
							<height>110</height>
							<label>$PARAM[button3_label]</label>
							<textoffsetx>40</textoffsetx>
							<onclick>$PARAM[button3_onclick]</onclick>
							<onclick>$PARAM[button3_onclick2]</onclick>
							<onup>$PARAM[onup]</onup>
							<ondown>$PARAM[ondown]</ondown>
							<onclick>SetFocus(9000)</onclick>
							<align>center</align>
							<texturefocus border="23" colordiffuse="button_focus">buttons/dialogbutton-fo.png</texturefocus>
							<texturenofocus border="40">buttons/dialogbutton-nofo.png</texturenofocus>
							<visible>$PARAM[visible_3]</visible>
						</control>
					</control>
				</control>
			</control>
		</definition>
	</include>
	<include name="WeatherWindow">
		<param name="width">266</param>
		<definition>
			<include content="CategoryLabel">
				<param name="label">$PARAM[widget_header]</param>
				<param name="list_id" value="$PARAM[list_id]"/>
				<param name="visible" value="$PARAM[visible]"/>
			</include>
			<control type="panel" id="$PARAM[list_id]">
				<left>0</left>
				<top>90</top>
				<right>0</right>
				<height>396</height>
				<include content="WidgetListCommon">
					<param name="list_id" value="$PARAM[list_id]"/>
				</include>
				<visible>$PARAM[visible]</visible>
				<itemlayout width="$PARAM[width]" height="320">
					<control type="group">
						<left>70</left>
						<control type="image">
							<left>0</left>
							<top>20</top>
							<width>254</width>
							<height>280</height>
							<texture>dialogs/dialog-bg-nobo.png</texture>
							<bordertexture border="21">overlays/shadow.png</bordertexture>
							<bordersize>20</bordersize>
						</control>
						<control type="image">
							<left>60</left>
							<top>108</top>
							<width>130</width>
							<height>130</height>
							<texture>$INFO[ListItem.Icon]</texture>
						</control>
						<control type="label">
							<left>15</left>
							<top>45</top>
							<align>center</align>
							<label>$INFO[ListItem.Label]</label>
							<width>230</width>
						</control>
						<control type="label">
							<left>15</left>
							<top>78</top>
							<align>center</align>
							<font>font12</font>
							<label>$INFO[ListItem.Property(ShortDate)]</label>
							<width>230</width>
						</control>
						<control type="label">
							<left>15</left>
							<top>236</top>
							<align>center</align>
							<label>$INFO[ListItem.Label2]</label>
							<font>font12</font>
							<width>230</width>
						</control>
					</control>
				</itemlayout>
				<focusedlayout width="$PARAM[width]" height="400">
					<control type="group">
						<left>70</left>
						<depth>DepthContentPopout</depth>
						<animation type="Focus">
							<effect type="zoom" start="100" end="110" time="200" tween="sine" easing="inout" center="180,140"/>
						</animation>
						<animation type="Unfocus">
							<effect type="zoom" start="110" end="100" time="200" tween="sine" easing="inout" center="180,140"/>
						</animation>
						<control type="image">
							<left>0</left>
							<top>20</top>
							<width>254</width>
							<height>280</height>
							<texture>dialogs/dialog-bg-nobo.png</texture>
							<bordertexture border="21">overlays/shadow.png</bordertexture>
							<bordersize>20</bordersize>
						</control>
						<control type="image">
							<left>0</left>
							<top>20</top>
							<width>254</width>
							<height>280</height>
							<texture colordiffuse="button_focus">colors/grey.png</texture>
							<bordersize>20</bordersize>
							<include>Animation_FocusTextureFade</include>
						</control>
						<control type="image">
							<left>60</left>
							<top>108</top>
							<width>130</width>
							<height>130</height>
							<texture>$INFO[ListItem.Icon]</texture>
						</control>
						<control type="label">
							<left>15</left>
							<top>45</top>
							<align>center</align>
							<label>$INFO[ListItem.Label]</label>
							<width>230</width>
						</control>
						<control type="label">
							<left>15</left>
							<top>78</top>
							<align>center</align>
							<font>font12</font>
							<label>$INFO[ListItem.Property(ShortDate)]</label>
							<width>230</width>
						</control>
						<control type="label">
							<left>15</left>
							<top>236</top>
							<align>center</align>
							<label>$INFO[ListItem.Label2]</label>
							<font>font12</font>
							<width>230</width>
						</control>
					</control>
				</focusedlayout>
				<include>$PARAM[content_include]</include>
			</control>
		</definition>
	</include>
	<include name="HourlyItems">
		<content>
			<item>
				<icon>resource://resource.images.weathericons.default/na.png</icon>
				<onclick>noop</onclick>
				<visible>String.IsEmpty(Window(weather).Property(Hourly.IsFetched))</visible>
			</item>
			<include content="WeatherHourlyItem">
				<param name="item_index" value="1"/>
			</include>
			<include content="WeatherHourlyItem">
				<param name="item_index" value="2"/>
			</include>
			<include content="WeatherHourlyItem">
				<param name="item_index" value="3"/>
			</include>
			<include content="WeatherHourlyItem">
				<param name="item_index" value="4"/>
			</include>
			<include content="WeatherHourlyItem">
				<param name="item_index" value="5"/>
			</include>
			<include content="WeatherHourlyItem">
				<param name="item_index" value="6"/>
			</include>
			<include content="WeatherHourlyItem">
				<param name="item_index" value="7"/>
			</include>
			<include content="WeatherHourlyItem">
				<param name="item_index" value="8"/>
			</include>
			<include content="WeatherHourlyItem">
				<param name="item_index" value="9"/>
			</include>
			<include content="WeatherHourlyItem">
				<param name="item_index" value="10"/>
			</include>
		</content>
	</include>
	<include name="DailyItems">
		<content>
			<item>
				<icon>resource://resource.images.weathericons.default/na.png</icon>
				<onclick>noop</onclick>
				<visible>!Weather.IsFetched</visible>
			</item>
			<include content="WeatherDayItem">
				<param name="item_index" value="0"/>
			</include>
			<include content="WeatherDayItem">
				<param name="item_index" value="1"/>
			</include>
			<include content="WeatherDayItem">
				<param name="item_index" value="2"/>
			</include>
			<include content="WeatherDayItem">
				<param name="item_index" value="3"/>
			</include>
			<include content="WeatherDayItem">
				<param name="item_index" value="4"/>
			</include>
			<include content="WeatherDayItem">
				<param name="item_index" value="5"/>
			</include>
			<include content="WeatherDayItem">
				<param name="item_index" value="6"/>
			</include>
			<include content="WeatherDailyItem">
				<param name="item_index" value="1"/>
			</include>
			<include content="WeatherDailyItem">
				<param name="item_index" value="2"/>
			</include>
			<include content="WeatherDailyItem">
				<param name="item_index" value="3"/>
			</include>
			<include content="WeatherDailyItem">
				<param name="item_index" value="4"/>
			</include>
			<include content="WeatherDailyItem">
				<param name="item_index" value="5"/>
			</include>
			<include content="WeatherDailyItem">
				<param name="item_index" value="6"/>
			</include>
			<include content="WeatherDailyItem">
				<param name="item_index" value="7"/>
			</include>
			<include content="WeatherDailyItem">
				<param name="item_index" value="8"/>
			</include>
			<include content="WeatherDailyItem">
				<param name="item_index" value="9"/>
			</include>
			<include content="WeatherDailyItem">
				<param name="item_index" value="10"/>
			</include>
			<include content="WeatherDailyItem">
				<param name="item_index" value="11"/>
			</include>
			<include content="WeatherDailyItem">
				<param name="item_index" value="12"/>
			</include>
			<include content="WeatherDailyItem">
				<param name="item_index" value="13"/>
			</include>
			<include content="WeatherDailyItem">
				<param name="item_index" value="14"/>
			</include>
		</content>
	</include>
	<include name="WeatherHourlyItem">
		<item>
			<label>$INFO[Window(weather).Property(Hourly.$PARAM[item_index].Time)]</label>
			<label2>$INFO[Window(weather).Property(Hourly.$PARAM[item_index].Temperature)] ∙ $INFO[Window(weather).Property(Hourly.$PARAM[item_index].Precipitation)]</label2>
			<property name="Temperature">$INFO[Window(weather).Property(Hourly.$PARAM[item_index].Temperature)]</property>
			<property name="Outlook">$INFO[Window(weather).Property(Hourly.$PARAM[item_id].Outlook)]</property>
			<property name="Cloudiness">$INFO[Window(weather).Property(Hourly.$PARAM[item_index].Cloudiness)]</property>
			<property name="ShortDate">$INFO[Window(weather).Property(Hourly.$PARAM[item_index].ShortDate)]</property>
			<property name="FanartCode">$INFO[Window(weather).Property(Hourly.$PARAM[item_index].FanartCode)]</property>
			<thumb>resource://resource.images.weathericons.default/$INFO[Window(weather).Property(Hourly.$PARAM[item_index].OutlookIcon)]</thumb>
			<onclick>noop</onclick>
			<visible>!String.IsEmpty(Window(weather).Property(Hourly.$PARAM[item_index].Outlook))</visible>
		</item>
	</include>
	<include name="WeatherDailyItem">
		<item>
			<label>$INFO[Window(weather).Property(Daily.$PARAM[item_index].ShortDay)]</label>
			<label2>[COLOR blue]$INFO[Window(weather).Property(Daily.$PARAM[item_index].LowTemperature)][/COLOR] ∙ [COLOR red]$INFO[Window(weather).Property(Daily.$PARAM[item_index].HighTemperature)][/COLOR]</label2>
			<property name="LongDay">$INFO[Window(weather).Property(Daily.$PARAM[item_index].LongDay)]</property>
			<property name="TempDay">$INFO[Window(weather).Property(Daily.$PARAM[item_index].TempDay)]</property>
			<property name="Cloudiness">$INFO[Window(weather).Property(Daily.$PARAM[item_index].Cloudiness)]</property>
			<property name="Outlook">$INFO[Window(weather).Property(Daily.$PARAM[item_index].Outlook)]</property>
			<property name="ShortDate">$INFO[Window(weather).Property(Daily.$PARAM[item_index].ShortDate)]</property>
			<property name="FanartCode">$INFO[Window(weather).Property(Daily.$PARAM[item_index].FanartCode)]</property>
			<thumb>resource://resource.images.weathericons.default/$INFO[Window(weather).Property(Daily.$PARAM[item_index].OutlookIcon)]</thumb>
			<onclick>noop</onclick>
			<visible>!String.IsEmpty(Window(weather).Property(Daily.IsFetched)) + !String.IsEmpty(Window(weather).Property(Daily.$PARAM[item_index].Outlook))</visible>
		</item>
	</include>
	<include name="WeatherDayItem">
		<item>
			<label>$INFO[Window(weather).Property(Day$PARAM[item_index].Title)]</label>
			<label2>[COLOR blue]$INFO[Window(weather).Property(Day$PARAM[item_index].LowTemp)]$INFO[System.TemperatureUnits][/COLOR] ∙ [COLOR red]$INFO[Window(weather).Property(Day$PARAM[item_index].HighTemp)]$INFO[System.TemperatureUnits][/COLOR]</label2>
			<property name="LongDay"/>
			<property name="TempDay"/>
			<property name="Cloudiness"/>
			<property name="Outlook"/>
			<property name="ShortDate"/>
			<property name="FanartCode">$INFO[Window(weather).Property(Day$PARAM[item_index].FanartCode)]</property>
			<thumb>$INFO[Window(weather).Property(Day$PARAM[item_index].OutlookIcon)]</thumb>
			<onclick>noop</onclick>
			<visible>String.IsEmpty(Window(weather).Property(Daily.IsFetched)) + !String.IsEmpty(Window(weather).Property(Day$PARAM[item_index].Outlook))</visible>
		</item>
	</include>
	<include name="WeatherMapItem">
		<control type="group" id="700$PARAM[item_id]">
			<height>1110</height>
			<visible>Weather.IsFetched + !String.IsEmpty(Window(weather).Property(Map.$PARAM[item_id].Area)) + !String.IsEmpty(Window(weather).Property(Map.IsFetched))</visible>
			<centerleft>50%</centerleft>
			<width>1920</width>
			<control type="button" id="700$PARAM[item_id]0">
				<left>50</left>
				<top>100</top>
				<width>1820</width>
				<height>920</height>
				<onup>$PARAM[onup_id]</onup>
				<ondown>$PARAM[ondown_id]</ondown>
			</control>
			<control type="image" id="700$PARAM[item_id]1">
				<left>50</left>
				<top>100</top>
				<width>1820</width>
				<height>920</height>
				<texture>dialogs/dialog-bg-nobo.png</texture>
				<bordertexture border="21">overlays/shadow.png</bordertexture>
				<bordersize>20</bordersize>
			</control>
			<control type="image" id="700$PARAM[item_id]2">
				<left>120</left>
				<top>160</top>
				<width>1680</width>
				<height>800</height>
				<texture>$INFO[Window(weather).Property(Map.$PARAM[item_id].Area)]</texture>
				<aspectratio>scale</aspectratio>
			</control>
			<control type="image" id="700$PARAM[item_id]3">
				<left>120</left>
				<top>160</top>
				<width>1680</width>
				<height>800</height>
				<texture>$INFO[Window(weather).Property(Map.$PARAM[item_id].Layer)]</texture>
				<aspectratio>scale</aspectratio>
				<colordiffuse>B0FFFFFF</colordiffuse>
			</control>
			<control type="image" id="700$PARAM[item_id]4">
				<left>1000</left>
				<top>858</top>
				<width>340</width>
				<height>100</height>
				<texture border="21">buttons/button-nofo.png</texture>
			</control>
			<control type="image" id="700$PARAM[item_id]5">
				<left>1340</left>
				<top>880</top>
				<width>350</width>
				<height>55</height>
				<texture>$INFO[Window(weather).Property(Map.$PARAM[item_id].Legend)]</texture>
			</control>
		</control>
		<control type="label" id="700$PARAM[item_id]9">
			<left>1000</left>
			<top>0</top>
			<width>340</width>
			<height>100</height>
			<align>center</align>
			<aligny>center</aligny>
			<animation effect="slide" end="0,-92" time="0" condition="true">Conditional</animation>
			<font>font30_title</font>
			<label>$INFO[Window(weather).Property(Map.$PARAM[item_id].Heading)]</label>
			<visible>Weather.IsFetched + !String.IsEmpty(Window(weather).Property(Map.$PARAM[item_id].Area)) + !String.IsEmpty(Window(weather).Property(Map.IsFetched))</visible>
		</control>
	</include>
	<include name="WidgetListCommon">
		<scrolltime tween="cubic" easing="out">500</scrolltime>
		<orientation>horizontal</orientation>
		<onleft>up</onleft>
		<onleft>9001</onleft>
		<onright>up</onright>
		<onright>9001</onright>
		<onunfocus>SetProperty(listposition,$INFO[Container($PARAM[list_id]).Position],home)</onunfocus>
		<onfocus>Control.Move($PARAM[list_id],-$INFO[Container($PARAM[list_id]).Position])</onfocus>
		<onfocus>Control.Move($PARAM[list_id],$INFO[Window(home).Property(listposition)])</onfocus>
		<onback>SetFocus($PARAM[list_id],0,absolute)</onback>
		<preloaditems>2</preloaditems>
	</include>
</includes>
