<?xml version="1.0" encoding="UTF-8"?>
<includes>
	<include name="AnimationHiddenViewDown">
		<animation effect="slide" start="0,0" end="0,1200" time="400" tween="cubic" easing="in" condition="Control.HasFocus(9920)">Conditional</animation>
	</include>
	
	
	<include name="SourceWidgetsAnimations">
		<include condition="Skin.HasSetting(no_slide_animations)">OpenClose_Fade</include>
		<include condition="!Skin.HasSetting(no_slide_animations)">Animation_BottomSlide</include>
		<animation effect="fade" start="100" end="00" time="400" easing="inout" condition="Control.HasFocus(10) | Control.HasFocus(13) | Control.HasFocus(9400)">Conditional</animation>
	</include>
	<include name="animation_cdart">
		<animation effect="rotate" end="-360" center="auto" time="5000" loop="true" reversible="false" condition="!Player.Paused">Conditional</animation>
	</include>
	<include name="Center_Menu">
		<animation effect="slide" start="0,0" end="0,120" time="100" easing="inout" condition="Control.HasFocus(801) | Control.HasFocus(802) | Control.HasFocus(803) | Control.HasFocus(804) | Control.HasFocus(805) | Control.HasFocus(806) | Control.HasFocus(807) | Control.HasFocus(808) | Control.HasFocus(809)">Conditional</animation>
		<animation effect="fade" start="100" end="0" time="300" condition="[Control.HasFocus(10) + Skin.HasSetting(FadeWidgetIdle) + System.IdleTime(3)]">Conditional</animation>
		<animation effect="slide" start="0" end="820" condition="Integer.IsEqual(Container(9000).NumItems,1)">Conditional</animation>
		<animation effect="slide" start="0" end="680" condition="Integer.IsEqual(Container(9000).NumItems,2)">Conditional</animation>
		<animation effect="slide" start="0" end="540" condition="Integer.IsEqual(Container(9000).NumItems,3)">Conditional</animation>
		<animation effect="slide" start="0" end="400" condition="Integer.IsEqual(Container(9000).NumItems,4)">Conditional</animation>
		<animation effect="slide" start="0" end="260" condition="Integer.IsGreaterOrEqual(Container(9000).NumItems,5)">Conditional</animation>
	</include>
	
	<include name="CustomSubmenuEdits">
		<animation effect="slide" start="0,0" end="530,0" time="100" easing="inout" condition="Control.HasFocus(12001) | Control.HasFocus(12002) | Control.HasFocus(12003) | Control.HasFocus(12004) | Control.HasFocus(12005) | Control.HasFocus(12006) | Control.HasFocus(12007) | Control.HasFocus(12101) | Control.HasFocus(12102) | Control.HasFocus(12201) | Control.HasFocus(12202) | Control.HasFocus(12301) | Control.HasFocus(12302) | Control.HasFocus(12401) | Control.HasFocus(12402) | Control.HasFocus(12501) | Control.HasFocus(12502) | Control.HasFocus(12601) | Control.HasFocus(12602) | Control.HasFocus(12701) | Control.HasFocus(12702) | Control.HasFocus(13001) | Control.HasFocus(13002) | Control.HasFocus(13003) | Control.HasFocus(13004) | Control.HasFocus(13005) | Control.HasFocus(13006) | Control.HasFocus(13007) | Control.HasFocus(13101) | Control.HasFocus(13102) | Control.HasFocus(13201) | Control.HasFocus(13202) | Control.HasFocus(13301) | Control.HasFocus(13302) | Control.HasFocus(13401) | Control.HasFocus(13402) | Control.HasFocus(13501) | Control.HasFocus(13502) | Control.HasFocus(13601) | Control.HasFocus(13602) | Control.HasFocus(13701) | Control.HasFocus(13702) | Control.HasFocus(14001) | Control.HasFocus(14002) | Control.HasFocus(14003) | Control.HasFocus(14004) | Control.HasFocus(14005) | Control.HasFocus(14006) | Control.HasFocus(14007) | Control.HasFocus(14101) | Control.HasFocus(14102) | Control.HasFocus(14201) | Control.HasFocus(14202) | Control.HasFocus(14301) | Control.HasFocus(14302) | Control.HasFocus(14401) | Control.HasFocus(14402) | Control.HasFocus(14501) | Control.HasFocus(14502) | Control.HasFocus(14601) | Control.HasFocus(14602) | Control.HasFocus(14701) | Control.HasFocus(14702) | Control.HasFocus(15001) | Control.HasFocus(15002) | Control.HasFocus(15003) | Control.HasFocus(15004) | Control.HasFocus(15005) | Control.HasFocus(15006) | Control.HasFocus(15007) | Control.HasFocus(15101) | Control.HasFocus(15102) | Control.HasFocus(15201) | Control.HasFocus(15202) | Control.HasFocus(15301) | Control.HasFocus(15302) | Control.HasFocus(15401) | Control.HasFocus(15402) | Control.HasFocus(15501) | Control.HasFocus(15502) | Control.HasFocus(15601) | Control.HasFocus(15602) | Control.HasFocus(15701) | Control.HasFocus(15702) | Control.HasFocus(16001) | Control.HasFocus(16002) | Control.HasFocus(16003) | Control.HasFocus(16004) | Control.HasFocus(16005) | Control.HasFocus(16006) | Control.HasFocus(16007) | Control.HasFocus(16101) | Control.HasFocus(16102) | Control.HasFocus(16201) | Control.HasFocus(16202) | Control.HasFocus(16301) | Control.HasFocus(16302) | Control.HasFocus(16401) | Control.HasFocus(16402) | Control.HasFocus(16501) | Control.HasFocus(16502) | Control.HasFocus(16601) | Control.HasFocus(16602) | Control.HasFocus(16701) | Control.HasFocus(16702) | Control.HasFocus(17001) | Control.HasFocus(17002) | Control.HasFocus(17003) | Control.HasFocus(17004) | Control.HasFocus(17005) | Control.HasFocus(17006) | Control.HasFocus(17007) | Control.HasFocus(17101) | Control.HasFocus(17102) | Control.HasFocus(17201) | Control.HasFocus(17202) | Control.HasFocus(17301) | Control.HasFocus(17302) | Control.HasFocus(17401) | Control.HasFocus(17402) | Control.HasFocus(17501) | Control.HasFocus(17502) | Control.HasFocus(17601) | Control.HasFocus(17602) | Control.HasFocus(17701) | Control.HasFocus(17702) | Control.HasFocus(18001) | Control.HasFocus(18002) | Control.HasFocus(18003) | Control.HasFocus(18004) | Control.HasFocus(18005) | Control.HasFocus(18006) | Control.HasFocus(18007) | Control.HasFocus(18101) | Control.HasFocus(18102) | Control.HasFocus(18201) | Control.HasFocus(18202) | Control.HasFocus(18301) | Control.HasFocus(18302) | Control.HasFocus(18401) | Control.HasFocus(18402) | Control.HasFocus(18501) | Control.HasFocus(18502) | Control.HasFocus(18601) | Control.HasFocus(18602) | Control.HasFocus(18701) | Control.HasFocus(18702) | Control.HasFocus(19001) | Control.HasFocus(19002) | Control.HasFocus(19003) | Control.HasFocus(19004) | Control.HasFocus(19005) | Control.HasFocus(19006) | Control.HasFocus(19007) | Control.HasFocus(19101) | Control.HasFocus(19102) | Control.HasFocus(19201) | Control.HasFocus(19202) | Control.HasFocus(19301) | Control.HasFocus(19302) | Control.HasFocus(19401) | Control.HasFocus(19402) | Control.HasFocus(19501) | Control.HasFocus(19502) | Control.HasFocus(19601) | Control.HasFocus(19602) | Control.HasFocus(19701) | Control.HasFocus(19702) | Control.HasFocus(20001) | Control.HasFocus(20002) | Control.HasFocus(20003) | Control.HasFocus(20004) | Control.HasFocus(20005) | Control.HasFocus(20006) | Control.HasFocus(20007) | Control.HasFocus(20101) | Control.HasFocus(20102) | Control.HasFocus(20201) | Control.HasFocus(20202) | Control.HasFocus(20301) | Control.HasFocus(20302) | Control.HasFocus(20401) | Control.HasFocus(20402) | Control.HasFocus(20501) | Control.HasFocus(20502) | Control.HasFocus(20601) | Control.HasFocus(20602) | Control.HasFocus(20701) | Control.HasFocus(20702) | Control.HasFocus(21001) | Control.HasFocus(21002) | Control.HasFocus(21003) | Control.HasFocus(21004) | Control.HasFocus(21005) | Control.HasFocus(21006) | Control.HasFocus(21007) | Control.HasFocus(21101) | Control.HasFocus(21102) | Control.HasFocus(21211) | Control.HasFocus(21212) | Control.HasFocus(21301) | Control.HasFocus(21302) | Control.HasFocus(21401) | Control.HasFocus(21402) | Control.HasFocus(21501) | Control.HasFocus(21502) | Control.HasFocus(21601) | Control.HasFocus(21602) | Control.HasFocus(21701) | Control.HasFocus(21702) | Control.HasFocus(22001) | Control.HasFocus(22002) | Control.HasFocus(22003) | Control.HasFocus(22004) | Control.HasFocus(22005) | Control.HasFocus(22006) | Control.HasFocus(22007) | Control.HasFocus(22101) | Control.HasFocus(22102) | Control.HasFocus(22221) | Control.HasFocus(22222) | Control.HasFocus(22301) | Control.HasFocus(22302) | Control.HasFocus(22401) | Control.HasFocus(22402) | Control.HasFocus(22501) | Control.HasFocus(22502) | Control.HasFocus(22601) | Control.HasFocus(22602) | Control.HasFocus(22701) | Control.HasFocus(22702) | Control.HasFocus(23001) | Control.HasFocus(23002) | Control.HasFocus(23003) | Control.HasFocus(23004) | Control.HasFocus(23005) | Control.HasFocus(23006) | Control.HasFocus(23007) | Control.HasFocus(23101) | Control.HasFocus(23102) | Control.HasFocus(23231) | Control.HasFocus(23232) | Control.HasFocus(23301) | Control.HasFocus(23302) | Control.HasFocus(23401) | Control.HasFocus(23402) | Control.HasFocus(23501) | Control.HasFocus(23502) | Control.HasFocus(23601) | Control.HasFocus(23602) | Control.HasFocus(23701) | Control.HasFocus(23702) | Control.HasFocus(24001) | Control.HasFocus(24002) | Control.HasFocus(24003) | Control.HasFocus(24004) | Control.HasFocus(24005) | Control.HasFocus(24006) | Control.HasFocus(24007) | Control.HasFocus(24101) | Control.HasFocus(24102) | Control.HasFocus(24241) | Control.HasFocus(24242) | Control.HasFocus(24301) | Control.HasFocus(24302) | Control.HasFocus(24401) | Control.HasFocus(24402) | Control.HasFocus(24501) | Control.HasFocus(24502) | Control.HasFocus(24601) | Control.HasFocus(24602) | Control.HasFocus(24701) | Control.HasFocus(24702) | Control.HasFocus(25001) | Control.HasFocus(25002) | Control.HasFocus(25003) | Control.HasFocus(25004) | Control.HasFocus(25005) | Control.HasFocus(25006) | Control.HasFocus(25007) | Control.HasFocus(25101) | Control.HasFocus(25102) | Control.HasFocus(25251) | Control.HasFocus(25252) | Control.HasFocus(25301) | Control.HasFocus(25302) | Control.HasFocus(25401) | Control.HasFocus(25402) | Control.HasFocus(25501) | Control.HasFocus(25502) | Control.HasFocus(25601) | Control.HasFocus(25602) | Control.HasFocus(25701) | Control.HasFocus(25702) | Control.HasFocus(26001) | Control.HasFocus(26002) | Control.HasFocus(26003) | Control.HasFocus(26004) | Control.HasFocus(26005) | Control.HasFocus(26006) | Control.HasFocus(26007) | Control.HasFocus(26101) | Control.HasFocus(26102) | Control.HasFocus(26261) | Control.HasFocus(26262) | Control.HasFocus(26301) | Control.HasFocus(26302) | Control.HasFocus(26401) | Control.HasFocus(26402) | Control.HasFocus(26501) | Control.HasFocus(26502) | Control.HasFocus(26601) | Control.HasFocus(26602) | Control.HasFocus(26701) | Control.HasFocus(26702)">Conditional</animation>
	</include>
	<include name="CustomSubmenuEditsReverse">
		<animation effect="slide" start="0,0" end="-530,0" time="100" easing="inout" condition="Control.HasFocus(12001) | Control.HasFocus(12002) | Control.HasFocus(12003) | Control.HasFocus(12004) | Control.HasFocus(12005) | Control.HasFocus(12006) | Control.HasFocus(12007) | Control.HasFocus(12101) | Control.HasFocus(12102) | Control.HasFocus(12201) | Control.HasFocus(12202) | Control.HasFocus(12301) | Control.HasFocus(12302) | Control.HasFocus(12401) | Control.HasFocus(12402) | Control.HasFocus(12501) | Control.HasFocus(12502) | Control.HasFocus(12601) | Control.HasFocus(12602) | Control.HasFocus(12701) | Control.HasFocus(12702) | Control.HasFocus(13001) | Control.HasFocus(13002) | Control.HasFocus(13003) | Control.HasFocus(13004) | Control.HasFocus(13005) | Control.HasFocus(13006) | Control.HasFocus(13007) | Control.HasFocus(13101) | Control.HasFocus(13102) | Control.HasFocus(13201) | Control.HasFocus(13202) | Control.HasFocus(13301) | Control.HasFocus(13302) | Control.HasFocus(13401) | Control.HasFocus(13402) | Control.HasFocus(13501) | Control.HasFocus(13502) | Control.HasFocus(13601) | Control.HasFocus(13602) | Control.HasFocus(13701) | Control.HasFocus(13702) | Control.HasFocus(14001) | Control.HasFocus(14002) | Control.HasFocus(14003) | Control.HasFocus(14004) | Control.HasFocus(14005) | Control.HasFocus(14006) | Control.HasFocus(14007) | Control.HasFocus(14101) | Control.HasFocus(14102) | Control.HasFocus(14201) | Control.HasFocus(14202) | Control.HasFocus(14301) | Control.HasFocus(14302) | Control.HasFocus(14401) | Control.HasFocus(14402) | Control.HasFocus(14501) | Control.HasFocus(14502) | Control.HasFocus(14601) | Control.HasFocus(14602) | Control.HasFocus(14701) | Control.HasFocus(14702) | Control.HasFocus(15001) | Control.HasFocus(15002) | Control.HasFocus(15003) | Control.HasFocus(15004) | Control.HasFocus(15005) | Control.HasFocus(15006) | Control.HasFocus(15007) | Control.HasFocus(15101) | Control.HasFocus(15102) | Control.HasFocus(15201) | Control.HasFocus(15202) | Control.HasFocus(15301) | Control.HasFocus(15302) | Control.HasFocus(15401) | Control.HasFocus(15402) | Control.HasFocus(15501) | Control.HasFocus(15502) | Control.HasFocus(15601) | Control.HasFocus(15602) | Control.HasFocus(15701) | Control.HasFocus(15702) | Control.HasFocus(16001) | Control.HasFocus(16002) | Control.HasFocus(16003) | Control.HasFocus(16004) | Control.HasFocus(16005) | Control.HasFocus(16006) | Control.HasFocus(16007) | Control.HasFocus(16101) | Control.HasFocus(16102) | Control.HasFocus(16201) | Control.HasFocus(16202) | Control.HasFocus(16301) | Control.HasFocus(16302) | Control.HasFocus(16401) | Control.HasFocus(16402) | Control.HasFocus(16501) | Control.HasFocus(16502) | Control.HasFocus(16601) | Control.HasFocus(16602) | Control.HasFocus(16701) | Control.HasFocus(16702) | Control.HasFocus(17001) | Control.HasFocus(17002) | Control.HasFocus(17003) | Control.HasFocus(17004) | Control.HasFocus(17005) | Control.HasFocus(17006) | Control.HasFocus(17007) | Control.HasFocus(17101) | Control.HasFocus(17102) | Control.HasFocus(17201) | Control.HasFocus(17202) | Control.HasFocus(17301) | Control.HasFocus(17302) | Control.HasFocus(17401) | Control.HasFocus(17402) | Control.HasFocus(17501) | Control.HasFocus(17502) | Control.HasFocus(17601) | Control.HasFocus(17602) | Control.HasFocus(17701) | Control.HasFocus(17702) | Control.HasFocus(18001) | Control.HasFocus(18002) | Control.HasFocus(18003) | Control.HasFocus(18004) | Control.HasFocus(18005) | Control.HasFocus(18006) | Control.HasFocus(18007) | Control.HasFocus(18101) | Control.HasFocus(18102) | Control.HasFocus(18201) | Control.HasFocus(18202) | Control.HasFocus(18301) | Control.HasFocus(18302) | Control.HasFocus(18401) | Control.HasFocus(18402) | Control.HasFocus(18501) | Control.HasFocus(18502) | Control.HasFocus(18601) | Control.HasFocus(18602) | Control.HasFocus(18701) | Control.HasFocus(18702) | Control.HasFocus(19001) | Control.HasFocus(19002) | Control.HasFocus(19003) | Control.HasFocus(19004) | Control.HasFocus(19005) | Control.HasFocus(19006) | Control.HasFocus(19007) | Control.HasFocus(19101) | Control.HasFocus(19102) | Control.HasFocus(19201) | Control.HasFocus(19202) | Control.HasFocus(19301) | Control.HasFocus(19302) | Control.HasFocus(19401) | Control.HasFocus(19402) | Control.HasFocus(19501) | Control.HasFocus(19502) | Control.HasFocus(19601) | Control.HasFocus(19602) | Control.HasFocus(19701) | Control.HasFocus(19702) | Control.HasFocus(20001) | Control.HasFocus(20002) | Control.HasFocus(20003) | Control.HasFocus(20004) | Control.HasFocus(20005) | Control.HasFocus(20006) | Control.HasFocus(20007) | Control.HasFocus(20101) | Control.HasFocus(20102) | Control.HasFocus(20201) | Control.HasFocus(20202) | Control.HasFocus(20301) | Control.HasFocus(20302) | Control.HasFocus(20401) | Control.HasFocus(20402) | Control.HasFocus(20501) | Control.HasFocus(20502) | Control.HasFocus(20601) | Control.HasFocus(20602) | Control.HasFocus(20701) | Control.HasFocus(20702) | Control.HasFocus(21001) | Control.HasFocus(21002) | Control.HasFocus(21003) | Control.HasFocus(21004) | Control.HasFocus(21005) | Control.HasFocus(21006) | Control.HasFocus(21007) | Control.HasFocus(21101) | Control.HasFocus(21102) | Control.HasFocus(21211) | Control.HasFocus(21212) | Control.HasFocus(21301) | Control.HasFocus(21302) | Control.HasFocus(21401) | Control.HasFocus(21402) | Control.HasFocus(21501) | Control.HasFocus(21502) | Control.HasFocus(21601) | Control.HasFocus(21602) | Control.HasFocus(21701) | Control.HasFocus(21702) | Control.HasFocus(22001) | Control.HasFocus(22002) | Control.HasFocus(22003) | Control.HasFocus(22004) | Control.HasFocus(22005) | Control.HasFocus(22006) | Control.HasFocus(22007) | Control.HasFocus(22101) | Control.HasFocus(22102) | Control.HasFocus(22221) | Control.HasFocus(22222) | Control.HasFocus(22301) | Control.HasFocus(22302) | Control.HasFocus(22401) | Control.HasFocus(22402) | Control.HasFocus(22501) | Control.HasFocus(22502) | Control.HasFocus(22601) | Control.HasFocus(22602) | Control.HasFocus(22701) | Control.HasFocus(22702) | Control.HasFocus(23001) | Control.HasFocus(23002) | Control.HasFocus(23003) | Control.HasFocus(23004) | Control.HasFocus(23005) | Control.HasFocus(23006) | Control.HasFocus(23007) | Control.HasFocus(23101) | Control.HasFocus(23102) | Control.HasFocus(23231) | Control.HasFocus(23232) | Control.HasFocus(23301) | Control.HasFocus(23302) | Control.HasFocus(23401) | Control.HasFocus(23402) | Control.HasFocus(23501) | Control.HasFocus(23502) | Control.HasFocus(23601) | Control.HasFocus(23602) | Control.HasFocus(23701) | Control.HasFocus(23702) | Control.HasFocus(24001) | Control.HasFocus(24002) | Control.HasFocus(24003) | Control.HasFocus(24004) | Control.HasFocus(24005) | Control.HasFocus(24006) | Control.HasFocus(24007) | Control.HasFocus(24101) | Control.HasFocus(24102) | Control.HasFocus(24241) | Control.HasFocus(24242) | Control.HasFocus(24301) | Control.HasFocus(24302) | Control.HasFocus(24401) | Control.HasFocus(24402) | Control.HasFocus(24501) | Control.HasFocus(24502) | Control.HasFocus(24601) | Control.HasFocus(24602) | Control.HasFocus(24701) | Control.HasFocus(24702) | Control.HasFocus(25001) | Control.HasFocus(25002) | Control.HasFocus(25003) | Control.HasFocus(25004) | Control.HasFocus(25005) | Control.HasFocus(25006) | Control.HasFocus(25007) | Control.HasFocus(25101) | Control.HasFocus(25102) | Control.HasFocus(25251) | Control.HasFocus(25252) | Control.HasFocus(25301) | Control.HasFocus(25302) | Control.HasFocus(25401) | Control.HasFocus(25402) | Control.HasFocus(25501) | Control.HasFocus(25502) | Control.HasFocus(25601) | Control.HasFocus(25602) | Control.HasFocus(25701) | Control.HasFocus(25702) | Control.HasFocus(26001) | Control.HasFocus(26002) | Control.HasFocus(26003) | Control.HasFocus(26004) | Control.HasFocus(26005) | Control.HasFocus(26006) | Control.HasFocus(26007) | Control.HasFocus(26101) | Control.HasFocus(26102) | Control.HasFocus(26261) | Control.HasFocus(26262) | Control.HasFocus(26301) | Control.HasFocus(26302) | Control.HasFocus(26401) | Control.HasFocus(26402) | Control.HasFocus(26501) | Control.HasFocus(26502) | Control.HasFocus(26601) | Control.HasFocus(26602) | Control.HasFocus(26701) | Control.HasFocus(26702)">Conditional</animation>
	</include>
	<include name="Visible_Fade_Reverse">
		<animation type="Conditional" condition="Control.HasFocus(12)">
			<effect type="fade" start="0" end="100" time="300" tween="sine" delay="300" easing="out"/>
		</animation>
		<animation type="Conditional" condition="!Control.HasFocus(12)">
			<effect type="fade" start="100" end="0" time="300" tween="sine" easing="out"/>
		</animation>
	</include>
	<include name="Visible_WidgetHomeSources">
		<include condition="Skin.HasSetting(no_slide_animations)">Visible_Fade_Reverse</include>
		<include content="Vis_FadeSlide_WidgetHomeSources" condition="!Skin.HasSetting(no_slide_animations)"/>
	</include>
	<include name="Vis_FadeSlide_WidgetHomeSources">
		<animation type="Conditional" condition="Control.HasFocus(12)">
			<effect type="fade" start="0" end="100" time="300" tween="sine" delay="300" easing="out"/>
			<effect type="slide" start="0,320" end="0" time="400" delay="300" tween="cubic" easing="out"/>
		</animation>
		<animation type="Conditional" condition="!Control.HasFocus(12)">
			<effect type="fade" start="100" end="0" time="300" tween="sine" easing="out"/>
			<effect type="slide" start="0" end="0,320" time="300" delay="300" tween="cubic" easing="out"/>
		</animation>
	</include>
	<include name="Visible_Bottom_Delayed">
		<include condition="Skin.HasSetting(no_slide_animations)">Visible_Fade</include>
		<include content="Vis_FadeSlide_Bottom_Delayed" condition="!Skin.HasSetting(no_slide_animations)">
			<param name="id" value="$PARAM[id]"/>
		</include>
	</include>
	<include name="Vis_FadeSlide_Bottom_Delayed">
		<animation type="Conditional" condition="String.IsEqual(Container(9000).ListItem.Property(defaultID),$PARAM[id]) |  String.IsEqual(Container(9000).ListItem.Property(labelID),$PARAM[id]) |  String.IsEqual(Container(9000).ListItem.Property(id),$PARAM[id]) | String.IsEqual(Container(9001).ListItem.Property(id),$PARAM[id]) | String.IsEqual(Container(9002).ListItem.Property(id),$PARAM[id])">
			<effect type="fade" start="0" end="100" time="300" tween="sine" delay="300" easing="out"/>
			<effect type="slide" start="0,320" end="0" time="400" delay="300" tween="cubic" easing="out"/>
		</animation>
		<animation type="Hidden">
			<effect type="fade" start="100" end="0" time="300" tween="sine" easing="out"/>
			<effect type="slide" start="0" end="0,320" time="300" delay="300" tween="cubic" easing="out"/>
		</animation>
	</include>
	<include name="Right_Menu_Hidden">
		<animation type="Conditional" condition="Control.HasFocus() | [Integer.IsEqual(Container(9000).NumItems,5) + Container(9000).Position(4) |  Integer.IsEqual(Container(9000).NumItems,4) + Container(9000).Position(3) |  Integer.IsEqual(Container(9000).NumItems,3) + Container(9000).Position(2) |  Integer.IsEqual(Container(9000).NumItems,2) + Container(9000).Position(1) |  Integer.IsEqual(Container(9000).NumItems,1) + Container(9000).Position(0)] Integer.IsEqual(Container(9000).NumItems,0)">
			<effect type="slide" start="0,0" end="-100,0" time="400" delay="300" tween="cubic" easing="inout"/>
		</animation>
		<animation type="Conditional" condition="Control.HasFocus(10) | Control.HasFocus(11) | Control.HasFocus(120) | Control.HasFocus(121) | Control.HasFocus(122) | Control.HasFocus(123) | Control.HasFocus(124) | Control.HasFocus(125) | Control.HasFocus(801) | Control.HasFocus(802) | Control.HasFocus(803) | Control.HasFocus(804) | Control.HasFocus(805) | Control.HasFocus(806) | Control.HasFocus(807) | Control.HasFocus(808) | Control.HasFocus(9002)">
			<effect type="slide" start="0,0" end="100,0" time="400" delay="100" tween="cubic" easing="inout"/>
		</animation>
	</include>
	<include name="Left_Menu_Hidden">
		<animation type="Conditional" condition="Integer.IsEqual(Container(9000).Position(pos),0) | Integer.IsEqual(Container(9000).NumItems,0)">
			<effect type="slide" start="0,0" end="100,0" time="400" delay="300" tween="cubic" easing="inout"/>
		</animation>
		<animation type="Conditional" condition="Control.HasFocus(10) | Control.HasFocus(12) | Control.HasFocus(120) | Control.HasFocus(121) | Control.HasFocus(122) | Control.HasFocus(123) | Control.HasFocus(124) | Control.HasFocus(125) | Control.HasFocus(802) | Control.HasFocus(803) | Control.HasFocus(804) | Control.HasFocus(805) | Control.HasFocus(806) | Control.HasFocus(807) | Control.HasFocus(808) | Control.HasFocus(809) | Control.HasFocus(9001)">
			<effect type="slide" start="0,0" end="-100,0" time="400" delay="100" tween="cubic" easing="inout"/>
		</animation>
	</include>
	<include name="Animation_FocusTextureFade">
		<animation effect="fade" start="0" end="100" time="200" tween="sine">Focus</animation>
		<animation effect="fade" start="100" end="0" time="0">UnFocus</animation>
	</include>
	<include name="Animation_DialogPopupOpenClose">
		<animation type="WindowOpen" reversible="false">
			<effect type="zoom" start="80" end="100" center="50%,50%" delay="160" tween="back" time="240"/>
			<effect type="fade" delay="160" end="100" time="240"/>
		</animation>
		<animation type="WindowClose" reversible="false">
			<effect type="zoom" start="100" end="80" center="50%,50%" easing="in" tween="back" time="240"/>
			<effect type="fade" start="100" end="0" time="240"/>
		</animation>
		<depth>DepthDialog</depth>
	</include>
	<include name="Animation_DialogPopupVisible">
		<animation type="Visible" reversible="false">
			<effect type="zoom" start="80" end="100" center="50%,50%" delay="160" tween="back" time="240"/>
			<effect type="fade" delay="160" end="100" time="240"/>
		</animation>
		<animation type="Hidden" reversible="false">
			<effect type="zoom" start="100" end="80" center="50%,50%" easing="in" tween="back" time="240"/>
			<effect type="fade" start="100" end="0" time="240"/>
		</animation>
	</include>
	<include name="Visible_Fade">
		<animation effect="fade" end="100" time="200">Visible</animation>
		<animation effect="fade" start="100" end="0" time="200">Hidden</animation>
	</include>
	<include name="OpenClose_Fade">
		<animation effect="fade" end="100" time="200">WindowOpen</animation>
		<animation effect="fade" start="100" end="0" time="200">WindowClose</animation>
	</include>
	<include name="Visible_Right_Delayed">
		<include condition="Skin.HasSetting(no_slide_animations)">Visible_Fade</include>
		<include content="Vis_FadeSlide_Right_Delayed" condition="!Skin.HasSetting(no_slide_animations)">
			<param name="id" value="$PARAM[id]"/>
		</include>
	</include>
	<include name="Vis_FadeSlide_Right_Delayed">
		<animation type="Conditional" condition="String.IsEqual(Container(9000).ListItem.Property(id),$PARAM[id])">
			<effect type="fade" start="0" end="100" time="300" tween="sine" delay="300" easing="out"/>
			<effect type="slide" start="320" end="0" time="400" delay="300" tween="cubic" easing="out"/>
		</animation>
		<animation type="Hidden">
			<effect type="fade" start="100" end="0" time="300" tween="sine" easing="out"/>
			<effect type="slide" start="0" end="320" time="300" tween="cubic" easing="out"/>
		</animation>
	</include>
	<include name="Visible_Right">
		<include condition="Skin.HasSetting(no_slide_animations)">Visible_Fade</include>
		<include condition="!Skin.HasSetting(no_slide_animations)">Vis_FadeSlide_Right</include>
</include>
	<include name="Animation_TopSlide">
		<animation type="WindowOpen" reversible="False">
			<effect type="fade" start="0" end="100" time="300"/>
			<effect type="slide" start="0,-200" end="0,0" time="300" tween="cubic" easing="out"/>
		</animation>
		<animation type="WindowClose" reversible="False">
			<effect type="fade" start="100" end="0" time="300"/>
			<effect type="slide" start="0,0" end="0,-200" time="300" tween="cubic" easing="out"/>
		</animation>
	</include>
	<include name="Animation_BottomSlide">
		<animation type="WindowOpen" reversible="False">
			<effect type="fade" start="0" end="100" time="300"/>
			<effect type="slide" start="0,200" end="0,0" time="300" tween="cubic" easing="out"/>
		</animation>
		<animation type="WindowClose" reversible="False">
			<effect type="fade" start="100" end="0" time="300"/>
			<effect type="slide" start="0,0" end="0,200" time="300" tween="cubic" easing="out"/>
		</animation>
	</include>
	<include name="Vis_FadeSlide_Right">
		<animation type="Visible" reversible="False">
			<effect type="fade" start="0" end="100" time="300" tween="sine" easing="out"/>
			<effect type="slide" start="320" end="0" time="400" tween="cubic" easing="out"/>
		</animation>
		<animation type="Hidden" reversible="False">
			<effect type="fade" start="100" end="0" time="300" tween="sine" easing="out"/>
			<effect type="slide" start="0" end="320" time="300" tween="cubic" easing="out"/>
		</animation>
	</include>
	<include name="Visible_Left">
		<include condition="Skin.HasSetting(no_slide_animations)">Visible_Fade</include>
		<include condition="!Skin.HasSetting(no_slide_animations)">Vis_FadeSlide_Left</include>
</include>
	<include name="Vis_FadeSlide_Left">
		<animation type="Visible" reversible="False">
			<effect type="fade" start="0" end="100" time="300" tween="sine" easing="out"/>
			<effect type="slide" start="-320" end="0" time="400" tween="cubic" easing="out"/>
		</animation>
		<animation type="Hidden" reversible="False">
			<effect type="fade" start="100" end="0" time="300" tween="sine" easing="out"/>
			<effect type="slide" start="0" end="-320" time="300" tween="cubic" easing="out"/>
		</animation>
	</include>
	<include name="OpenClose_Down">
		<include condition="Skin.HasSetting(no_slide_animations)">OpenClose_Fade</include>
		<include condition="!Skin.HasSetting(no_slide_animations)">OpenClose_FadeSlide_Down</include>
</include>
	<include name="OpenClose_FadeSlide_Down">
		<animation type="WindowOpen">
			<effect type="fade" start="0" end="100" time="300" tween="sine" easing="out"/>
			<effect type="slide" start="0,320" end="0" time="400" tween="cubic" easing="out"/>
		</animation>
		<animation type="WindowClose">
			<effect type="fade" start="100" end="0" time="300" tween="sine" easing="out"/>
			<effect type="slide" start="0" end="0,320" time="300" tween="cubic" easing="out"/>
		</animation>
	</include>
	<include name="OpenClose_Left">
		<include condition="Skin.HasSetting(no_slide_animations)">OpenClose_Fade</include>
		<include condition="!Skin.HasSetting(no_slide_animations)">OpenClose_FadeSlide_Left</include>
</include>
	<include name="OpenClose_FadeSlide_Left">
		<animation type="WindowOpen">
			<effect type="fade" start="0" end="100" time="300" tween="sine" easing="out"/>
			<effect type="slide" start="-320" end="0" time="400" tween="cubic" easing="out"/>
		</animation>
		<animation type="WindowClose">
			<effect type="fade" start="100" end="0" time="300" tween="sine" easing="out"/>
			<effect type="slide" start="0" end="-320" time="300" tween="cubic" easing="out"/>
		</animation>
	</include>
	<include name="OpenClose_Right">
		<include condition="Skin.HasSetting(no_slide_animations)">OpenClose_Fade</include>
		<include condition="!Skin.HasSetting(no_slide_animations)">OpenClose_FadeSlide_Right</include>
</include>
	<include name="OpenClose_FadeSlide_Right">
		<animation type="WindowOpen">
			<effect type="fade" start="0" end="100" time="300" tween="sine" easing="out"/>
			<effect type="slide" start="320" end="0" time="400" tween="cubic" easing="out"/>
		</animation>
		<animation type="WindowClose">
			<effect type="fade" start="100" end="0" time="300" tween="sine" easing="out"/>
			<effect type="slide" start="0" end="320" time="300" tween="cubic" easing="out"/>
		</animation>
	</include>
	<include name="Keyboard_Slide_Up">
		<animation type="WindowOpen">
			<effect type="fade" start="0" end="100" time="300" tween="sine" easing="out"/>
			<effect type="slide" start="0,1080" end="0,0" time="400" tween="cubic" easing="out"/>
		</animation>
		<animation type="WindowClose">
			<effect type="fade" start="100" end="0" time="300" tween="sine" easing="out"/>
			<effect type="slide" start="0,0" end="0,1080" time="400" tween="cubic" easing="out"/>
		</animation>
	</include>
</includes>
