<?xml version="1.0" encoding="UTF-8"?>
<includes>
	<include name="Home_Widgets">
		<!-- Grupo de Widgets -->
		<control type="group">
			<bottom>130</bottom>
			<height>500</height>
			<left>-2</left>
			<animation type="Conditional" condition="Player.HasMedia + Skin.HasSetting(showhomenowplaying)" reversible="true">
				<effect type="slide" end="0,540" time="500" tween="sine"/>
			</animation>
			<animation type="Conditional" condition="Control.IsVisible(20000)" reversible="false">
				<effect type="slide" end="0,20" time="60" tween="sine"/>
				<effect type="slide" end="0,-20" time="180" tween="sine" delay="80"/>
			</animation>
			<animation type="Conditional" condition="Control.IsVisible(20001)" reversible="false">
				<effect type="slide" end="0,-20" time="60" tween="sine"/>
				<effect type="slide" end="0,20" time="180" tween="sine" delay="80"/>
			</animation>
			<include>OpenClose_Down</include>
			<!-- Widgets do Topo Default -->
			<control type="group" id="2000">
				<include>Widget_Display_Top</include>
				<!-- Jogos ID 8000 -->
				<control type="group">
					<visible>String.IsEqual(Container(9000).ListItem.Property(id),games)</visible>
					<visible>!Control.HasFocus(9001)</visible>
					<include content="Visible_Bottom_Delayed">
						<param name="id" value="games"/>
					</include>
					<control type="grouplist" id="8000">
						<onup>9000</onup>
						<ondown>100</ondown>
						<include content="WidgetListHomePoster">
							<param name="content_path" value="$INFO[Skin.String(GamesWidgets.Path)]"/>
							<param name="widget_target" value="$INFO[Skin.String(GamesWidgets.Target)]"/>
							<param name="sortby" value="$INFO[Skin.String(GamesWidgets.Sort)]"/>
							<param name="sortorder" value="ascending"/>
							<param name="list_id" value="10"/>
							<param name="fallback_icon" value="defaultgames.png"/>
							<param name="aligny" value="bottom"/>
							<param name="aspect" value="keep"/>
						</include>
					</control>
					<control type="textbox">
						<visible>String.IsEmpty(Skin.String(GamesWidgets.Target))</visible>
						<top>300</top>
						<left>210</left>
						<width>1500</width>
						<height>100</height>
						<label>$LOCALIZE[31162]</label>
						<align>center</align>
					</control>
					<control type="grouplist">
						<visible>!String.IsEmpty(Skin.String(GamesWidgets.Target))</visible>
						<top>390</top>
						<left>15</left>
						<height>350</height>
						<onup>10</onup>
						<ondown>10</ondown>
						<include content="Sort_Widgets">
							<param name="SortByTitleLabel">$LOCALIZE[31213]</param>
							<param name="SortByTitleClick">Skin.SetString(GamesWidgets.Sort, title)</param>
							<param name="SortByYearLabel">$LOCALIZE[31212]</param>
							<param name="SortByYearClick">Skin.SetString(GamesWidgets.Sort, year)</param>
							<param name="SortByGenreLabel">$LOCALIZE[31197]</param>
							<param name="SortByGenreClick">Skin.SetString(GamesWidgets.Sort, genre)</param>
							<param name="SortByStudioLabel">$LOCALIZE[31146]</param>
							<param name="SortByStudioClick">Skin.SetString(GamesWidgets.Sort, studio)</param>
							<param name="SortByDefaultLabel">$LOCALIZE[31214]</param>
							<param name="SortByDefaultClick">Skin.SetString(GamesWidgets.Sort, default)</param>
							<param name="EditWidgetsLabel">$LOCALIZE[31187]</param>
							<param name="EditWidgetsClick">RunScript(script.skinshortcuts,type=widgets&amp;showNone=True&amp;skinWidget=GamesWidgets.Source&amp;skinWidgetType=games&amp;skinWidgetName=GamesWidgets.Name&amp;skinWidgetTarget=GamesWidgets.Target&amp;skinWidgetPath=GamesWidgets.Path)</param>
							<param name="HideThisMenuLabel">$LOCALIZE[31116]</param>
							<param name="HideThisMenuClick">Skin.ToggleSetting(HomeMenuNoGamesButton)</param>
							<param name="SubMenu1Label">$INFO[Skin.String(Sub1HomeGames.Title)]</param>
							<param name="SubMenu1Click">$VAR[Sub1HomeGames.Action]</param>
							<param name="SubMenu2Label">$INFO[Skin.String(Sub2HomeGames.Title)]</param>
							<param name="SubMenu2Click">$VAR[Sub2HomeGames.Action]</param>
							<param name="SubMenu3Label">$INFO[Skin.String(Sub3HomeGames.Title)]</param>
							<param name="SubMenu3Click">$VAR[Sub3HomeGames.Action]</param>
							<param name="SubMenu4Label">$INFO[Skin.String(Sub4HomeGames.Title)]</param>
							<param name="SubMenu4Click">$VAR[Sub4HomeGames.Action]</param>
							<param name="SubMenu5Label">$INFO[Skin.String(Sub5HomeGames.Title)]</param>
							<param name="SubMenu5Click">$VAR[Sub5HomeGames.Action]</param>
							<param name="SubMenu6Label">$INFO[Skin.String(Sub6HomeGames.Title)]</param>
							<param name="SubMenu6Click">$VAR[Sub6HomeGames.Action]</param>
							<param name="SubMenu7Label">$INFO[Skin.String(Sub7HomeGames.Title)]</param>
							<param name="SubMenu7Click">$VAR[Sub7HomeGames.Action]</param>
						</include>
					</control>
					<control type="label">
						<include>WidgetLabel</include>
						<label>$INFO[Skin.String(GamesWidgets.Name)] Sorted by: $INFO[Skin.String(GamesWidgets.Sort)]</label>
					</control>
				</control>
				<!-- Filmes ID 5000 -->
				<control type="group">
					<visible>String.IsEqual(Container(9000).ListItem.Property(id),movies)</visible>
					<include content="Visible_Bottom_Delayed">
						<param name="id" value="movies"/>
					</include>
					<control type="grouplist" id="5000">
						<onup>9000</onup>
						<ondown>100</ondown>
						<include content="WidgetListHomePoster">
							<param name="content_path" value="$INFO[Skin.String(MoviesWidgets.Path)]"/>
							<param name="widget_target" value="$INFO[Skin.String(MoviesWidgets.Target)]"/>
							<param name="sortby" value="$INFO[Skin.String(MoviesWidgets.Sort)]"/>
							<param name="sortorder" value=""/>
							<param name="list_id" value="10"/>
							<param name="fallback_icon" value="defaultmovies.png"/>
							<param name="aligny" value="bottom"/>
							<param name="aspect" value="keep"/>
						</include>
					</control>
					<control type="textbox">
						<visible>String.IsEmpty(Skin.String(MoviesWidgets.Target))</visible>
						<top>300</top>
						<left>210</left>
						<width>1500</width>
						<height>100</height>
						<label>$LOCALIZE[31105]</label>
						<align>center</align>
					</control>
					<control type="grouplist">
						<visible>!String.IsEmpty(Skin.String(MoviesWidgets.Target))</visible>
						<top>390</top>
						<left>15</left>
						<height>350</height>
						<onup>10</onup>
						<ondown>10</ondown>
						<include content="Sort_Widgets">
							<param name="SortByTitleLabel">$LOCALIZE[31213]</param>
							<param name="SortByTitleClick">Skin.SetString(MoviesWidgets.Sort, title)</param>
							<param name="SortByYearLabel">$LOCALIZE[31212]</param>
							<param name="SortByYearClick">Skin.SetString(MoviesWidgets.Sort, year)</param>
							<param name="SortByGenreLabel">$LOCALIZE[31197]</param>
							<param name="SortByGenreClick">Skin.SetString(MoviesWidgets.Sort, genre)</param>
							<param name="SortByStudioLabel">$LOCALIZE[31146]</param>
							<param name="SortByStudioClick">Skin.SetString(MoviesWidgets.Sort, studio)</param>
							<param name="SortByDefaultLabel">$LOCALIZE[31214]</param>
							<param name="SortByDefaultClick">Skin.SetString(MoviesWidgets.Sort, default)</param>
							<param name="EditWidgetsLabel">$LOCALIZE[31187]</param>
							<param name="EditWidgetsClick">RunScript(script.skinshortcuts,type=widgets&amp;showNone=True&amp;skinWidget=MoviesWidgets.Source&amp;skinWidgetName=MoviesWidgets.Name&amp;skinWidgetTarget=MoviesWidgets.Target&amp;skinWidgetPath=MoviesWidgets.Path)</param>
							<param name="HideThisMenuLabel">$LOCALIZE[31116]</param>
							<param name="HideThisMenuClick">Skin.ToggleSetting(HomeMenuNoMovieButton)</param>
							<param name="SubMenu1Label">$INFO[Skin.String(Sub1HomeMovies.Title)]</param>
							<param name="SubMenu1Click">$INFO[Skin.String(Sub1HomeMovies.Action)]</param>
							<param name="SubMenu2Label">$INFO[Skin.String(Sub2HomeMovies.Title)]</param>
							<param name="SubMenu2Click">$INFO[Skin.String(Sub2HomeMovies.Action)]</param>
							<param name="SubMenu3Label">$INFO[Skin.String(Sub3HomeMovies.Title)]</param>
							<param name="SubMenu3Click">$INFO[Skin.String(Sub3HomeMovies.Action)]</param>
							<param name="SubMenu4Label">$INFO[Skin.String(Sub4HomeMovies.Title)]</param>
							<param name="SubMenu4Click">$INFO[Skin.String(Sub4HomeMovies.Action)]</param>
							<param name="SubMenu5Label">$INFO[Skin.String(Sub5HomeMovies.Title)]</param>
							<param name="SubMenu5Click">$INFO[Skin.String(Sub5HomeMovies.Action)]</param>
							<param name="SubMenu6Label">$INFO[Skin.String(Sub6HomeMovies.Title)]</param>
							<param name="SubMenu6Click">$INFO[Skin.String(Sub6HomeMovies.Action)]</param>
							<param name="SubMenu7Label">$INFO[Skin.String(Sub7HomeMovies.Title)]</param>
							<param name="SubMenu7Click">$INFO[Skin.String(Sub7HomeMovies.Action)]</param>
						</include>
					</control>
					<control type="label">
						<include>WidgetLabel</include>
						<label>$INFO[Skin.String(MoviesWidgets.Name)] Sorted by: $INFO[Skin.String(MoviesWidgets.Sort)]</label>
					</control>
				</control>
				<!-- Seriados ID 6000 -->
				<control type="group">
					<visible>String.IsEqual(Container(9000).ListItem.Property(id),tvshows)</visible>
					<include content="Visible_Bottom_Delayed">
						<param name="id" value="tvshows"/>
					</include>
					<control type="grouplist" id="6000">
						<onup>9000</onup>
						<ondown>100</ondown>
						<include content="WidgetListHomePoster">
							<param name="content_path" value="$INFO[Skin.String(TvShowsWidgets.Path)]"/>
							<param name="widget_target" value="$INFO[Skin.String(TvShowsWidgets.Target)]"/>
							<param name="sortby" value="$INFO[Skin.String(TvShowsWidgets.Sort)]"/>
							<param name="sortorder" value=""/>
							<param name="list_id" value="10"/>
							<param name="fallback_icon" value="defaulttvshows.png"/>
							<param name="aligny" value="bottom"/>
							<param name="aspect" value="keep"/>
						</include>
					</control>
					<control type="textbox">
						<visible>String.IsEmpty(Skin.String(TvShowsWidgets.Target))</visible>
						<top>300</top>
						<left>210</left>
						<width>1500</width>
						<height>100</height>
						<label>$LOCALIZE[31105]</label>
						<align>center</align>
					</control>
					<control type="grouplist">
						<visible>!String.IsEmpty(Skin.String(TvShowsWidgets.Target))</visible>
						<top>390</top>
						<left>15</left>
						<height>350</height>
						<onup>10</onup>
						<ondown>10</ondown>
						<include content="Sort_Widgets">
							<param name="SortByTitleLabel">$LOCALIZE[31213]</param>
							<param name="SortByTitleClick">Skin.SetString(TvShowsWidgets.Sort, title)</param>
							<param name="SortByYearLabel">$LOCALIZE[31212]</param>
							<param name="SortByYearClick">Skin.SetString(TvShowsWidgets.Sort, year)</param>
							<param name="SortByGenreLabel">$LOCALIZE[31197]</param>
							<param name="SortByGenreClick">Skin.SetString(TvShowsWidgets.Sort, genre)</param>
							<param name="SortByStudioLabel">$LOCALIZE[31146]</param>
							<param name="SortByStudioClick">Skin.SetString(TvShowsWidgets.Sort, studio)</param>
							<param name="SortByDefaultLabel">$LOCALIZE[31214]</param>
							<param name="SortByDefaultClick">Skin.SetString(TvShowsWidgets.Sort, default)</param>
							<param name="EditWidgetsLabel">$LOCALIZE[31187]</param>
							<param name="EditWidgetsClick">RunScript(script.skinshortcuts,type=widgets&amp;showNone=True&amp;skinWidget=TvShowsWidgets.Source&amp;skinWidgetName=TvShowsWidgets.Name&amp;skinWidgetTarget=TvShowsWidgets.Target&amp;skinWidgetPath=TvShowsWidgets.Path)</param>
							<param name="HideThisMenuLabel">$LOCALIZE[31116]</param>
							<param name="HideThisMenuClick">Skin.ToggleSetting(HomeMenuNoTvShowButton)</param>
							<param name="SubMenu1Label">$INFO[Skin.String(Sub1HomeTvShows.Title)]</param>
							<param name="SubMenu1Click">$INFO[Skin.String(Sub1HomeTvShows.Action)]</param>
							<param name="SubMenu2Label">$INFO[Skin.String(Sub2HomeTvShows.Title)]</param>
							<param name="SubMenu2Click">$INFO[Skin.String(Sub2HomeTvShows.Action)]</param>
							<param name="SubMenu3Label">$INFO[Skin.String(Sub3HomeTvShows.Title)]</param>
							<param name="SubMenu3Click">$INFO[Skin.String(Sub3HomeTvShows.Action)]</param>
							<param name="SubMenu4Label">$INFO[Skin.String(Sub4HomeTvShows.Title)]</param>
							<param name="SubMenu4Click">$INFO[Skin.String(Sub4HomeTvShows.Action)]</param>
							<param name="SubMenu5Label">$INFO[Skin.String(Sub5HomeTvShows.Title)]</param>
							<param name="SubMenu5Click">$INFO[Skin.String(Sub5HomeTvShows.Action)]</param>
							<param name="SubMenu6Label">$INFO[Skin.String(Sub6HomeTvShows.Title)]</param>
							<param name="SubMenu6Click">$INFO[Skin.String(Sub6HomeTvShows.Action)]</param>
							<param name="SubMenu7Label">$INFO[Skin.String(Sub7HomeTvShows.Title)]</param>
							<param name="SubMenu7Click">$INFO[Skin.String(Sub7HomeTvShows.Action)]</param>
						</include>
					</control>
					<control type="label">
						<include>WidgetLabel</include>
						<label>$INFO[Skin.String(TvShowsWidgets.Name)] Sorted by: $INFO[Skin.String(TvShowsWidgets.Sort)]</label>
					</control>
				</control>
				<!-- Musicas ID 7000 -->
				<control type="group">
					<visible>String.IsEqual(Container(9000).ListItem.Property(id),music)</visible>
					<include content="Visible_Bottom_Delayed">
						<param name="id" value="music"/>
					</include>
					<control type="grouplist" id="7000">
						<onup>9000</onup>
						<ondown>100</ondown>
						<include content="WidgetListHomePoster">
							<param name="content_path" value="$INFO[Skin.String(MusicWidgets.Path)]"/>
							<param name="widget_target" value="$INFO[Skin.String(MusicWidgets.Target)]"/>
							<param name="sortby" value="$INFO[Skin.String(MusicWidgets.Sort)]"/>
							<param name="sortorder" value=""/>
							<param name="list_id" value="10"/>
							<param name="fallback_icon" value="defaultmusic.png"/>
							<param name="aligny" value="bottom"/>
							<param name="aspect" value="keep"/>
						</include>
					</control>
					<control type="textbox">
						<visible>String.IsEmpty(Skin.String(MusicWidgets.Target))</visible>
						<top>300</top>
						<left>210</left>
						<width>1500</width>
						<height>100</height>
						<label>$LOCALIZE[31221]</label>
						<align>center</align>
					</control>
					<control type="grouplist">
						<visible>!String.IsEmpty(Skin.String(MusicWidgets.Target))</visible>
						<top>390</top>
						<left>15</left>
						<height>350</height>
						<onup>10</onup>
						<ondown>10</ondown>
						<include content="Sort_Widgets">
							<param name="SortByTitleLabel">$LOCALIZE[31213]</param>
							<param name="SortByTitleClick">Skin.SetString(MusicWidgets.Sort, title)</param>
							<param name="SortByYearLabel">$LOCALIZE[31212]</param>
							<param name="SortByYearClick">Skin.SetString(MusicWidgets.Sort, year)</param>
							<param name="SortByGenreLabel">$LOCALIZE[31197]</param>
							<param name="SortByGenreClick">Skin.SetString(MusicWidgets.Sort, genre)</param>
							<param name="SortByStudioLabel">$LOCALIZE[31146]</param>
							<param name="SortByStudioClick">Skin.SetString(MusicWidgets.Sort, studio)</param>
							<param name="SortByDefaultLabel">$LOCALIZE[31214]</param>
							<param name="SortByDefaultClick">Skin.SetString(MusicWidgets.Sort, default)</param>
							<param name="EditWidgetsLabel">$LOCALIZE[31187]</param>
							<param name="EditWidgetsClick">RunScript(script.skinshortcuts,type=widgets&amp;showNone=True&amp;skinWidget=MusicWidgets.Source&amp;skinWidgetName=MusicWidgets.Name&amp;skinWidgetTarget=MusicWidgets.Target&amp;skinWidgetPath=MusicWidgets.Path)</param>
							<param name="HideThisMenuLabel">$LOCALIZE[31116]</param>
							<param name="HideThisMenuClick">Skin.ToggleSetting(HomeMenuNoMusicButton)</param>
							<param name="SubMenu1Label">$INFO[Skin.String(Sub1HomeMusic.Title)]</param>
							<param name="SubMenu1Click">$INFO[Skin.String(Sub1HomeMusic.Action)]</param>
							<param name="SubMenu2Label">$INFO[Skin.String(Sub2HomeMusic.Title)]</param>
							<param name="SubMenu2Click">$INFO[Skin.String(Sub2HomeMusic.Action)]</param>
							<param name="SubMenu3Label">$INFO[Skin.String(Sub3HomeMusic.Title)]</param>
							<param name="SubMenu3Click">$INFO[Skin.String(Sub3HomeMusic.Action)]</param>
							<param name="SubMenu4Label">$INFO[Skin.String(Sub4HomeMusic.Title)]</param>
							<param name="SubMenu4Click">$INFO[Skin.String(Sub4HomeMusic.Action)]</param>
							<param name="SubMenu5Label">$INFO[Skin.String(Sub5HomeMusic.Title)]</param>
							<param name="SubMenu5Click">$INFO[Skin.String(Sub5HomeMusic.Action)]</param>
							<param name="SubMenu6Label">$INFO[Skin.String(Sub6HomeMusic.Title)]</param>
							<param name="SubMenu6Click">$INFO[Skin.String(Sub6HomeMusic.Action)]</param>
							<param name="SubMenu7Label">$INFO[Skin.String(Sub7HomeMusic.Title)]</param>
							<param name="SubMenu7Click">$INFO[Skin.String(Sub7HomeMusic.Action)]</param>
						</include>
					</control>
					<control type="label">
						<include>WidgetLabel</include>
						<label>$INFO[Skin.String(MusicWidgets.Name)] Sorted By: $INFO[Skin.String(MusicWidgets.Sort)]</label>
					</control>
				</control>
				<!-- Imagens ID 4000 -->
				<control type="group">
					<visible>String.IsEqual(Container(9000).ListItem.Property(id),pictures)</visible>
					<visible>!Control.HasFocus(9001)</visible>
					<include content="Visible_Bottom_Delayed">
						<param name="id" value="pictures"/>
					</include>
					<control type="grouplist" id="4000">
						<onup>9000</onup>
						<ondown>100</ondown>
						<pagecontrol>4010</pagecontrol>
						<include content="WidgetListHomePoster">
							<param name="content_path" value="$INFO[Skin.String(PicturesWidgets.Path)]"/>
							<param name="widget_target" value="$INFO[Skin.String(PicturesWidgets.Target)]"/>
							<param name="sortby" value="$INFO[Skin.String(PicturesWidgets.Sort)]"/>
							<param name="sortorder" value=""/>
							<param name="list_id" value="10"/>
							<param name="fallback_icon" value="defaultpicture.png"/>
							<param name="aligny" value="bottom"/>
							<param name="aspect" value="keep"/>
						</include>
					</control>
					<control type="textbox">
						<visible>String.IsEmpty(Skin.String(PicturesWidgets.Target))</visible>
						<top>300</top>
						<left>210</left>
						<width>1500</width>
						<height>100</height>
						<label>$LOCALIZE[31111]</label>
						<align>center</align>
					</control>
					<control type="grouplist">
						<visible>!String.IsEmpty(Skin.String(PicturesWidgets.Target))</visible>
						<top>390</top>
						<left>15</left>
						<height>350</height>
						<onup>10</onup>
						<ondown>10</ondown>
						<include content="Sort_Widgets">
							<param name="SortByTitleLabel">$LOCALIZE[31213]</param>
							<param name="SortByTitleClick">Skin.SetString(PicturesWidgets.Sort, title)</param>
							<param name="SortByYearLabel">$LOCALIZE[31212]</param>
							<param name="SortByYearClick">Skin.SetString(PicturesWidgets.Sort, date)</param>
							<param name="SortByGenreLabel">$LOCALIZE[31197]</param>
							<param name="SortByGenreClick">Skin.SetString(PicturesWidgets.Sort, genre)</param>
							<param name="SortByStudioLabel">$LOCALIZE[31146]</param>
							<param name="SortByStudioClick">Skin.SetString(PicturesWidgets.Sort, studio)</param>
							<param name="SortByDefaultLabel">$LOCALIZE[31214]</param>
							<param name="SortByDefaultClick">Skin.SetString(PicturesWidgets.Sort, default)</param>
							<param name="EditWidgetsLabel">$LOCALIZE[31187]</param>
							<param name="EditWidgetsClick">RunScript(script.skinshortcuts,type=widgets&amp;showNone=True&amp;skinWidget=PicturesWidgets.Source&amp;skinWidgetName=PicturesWidgets.Name&amp;skinWidgetTarget=PicturesWidgets.Target&amp;skinWidgetPath=PicturesWidgets.Path)</param>
							<param name="HideThisMenuLabel">$LOCALIZE[31116]</param>
							<param name="HideThisMenuClick">Skin.ToggleSetting(HomeMenuNoPicturesButton)</param>
							<param name="SubMenu1Label">$INFO[Skin.String(Sub1HomePictures.Title)]</param>
							<param name="SubMenu1Click">$INFO[Skin.String(Sub1HomePictures.Action)]</param>
							<param name="SubMenu2Label">$INFO[Skin.String(Sub2HomePictures.Title)]</param>
							<param name="SubMenu2Click">$INFO[Skin.String(Sub2HomePictures.Action)]</param>
							<param name="SubMenu3Label">$INFO[Skin.String(Sub3HomePictures.Title)]</param>
							<param name="SubMenu3Click">$INFO[Skin.String(Sub3HomePictures.Action)]</param>
							<param name="SubMenu4Label">$INFO[Skin.String(Sub4HomePictures.Title)]</param>
							<param name="SubMenu4Click">$INFO[Skin.String(Sub4HomePictures.Action)]</param>
							<param name="SubMenu5Label">$INFO[Skin.String(Sub5HomePictures.Title)]</param>
							<param name="SubMenu5Click">$INFO[Skin.String(Sub5HomePictures.Action)]</param>
							<param name="SubMenu6Label">$INFO[Skin.String(Sub6HomePictures.Title)]</param>
							<param name="SubMenu6Click">$INFO[Skin.String(Sub6HomePictures.Action)]</param>
							<param name="SubMenu7Label">$INFO[Skin.String(Sub7HomePictures.Title)]</param>
							<param name="SubMenu7Click">$INFO[Skin.String(Sub7HomePictures.Action)]</param>
						</include>
					</control>
					<control type="label">
						<include>WidgetLabel</include>
						<label>$INFO[Skin.String(PicturesWidgets.Name)] Sorted by: $INFO[Skin.String(PicturesWidgets.Sort)]</label>
					</control>
				</control>
			</control>
			<!-- Widgets da Esquerda -->
			<control type="group" id="2002">
				<include>Widget_Display_Left</include>
				<!-- Meu Menu 1 -->
				<control type="group">
					<visible>String.IsEqual(Container(9002).ListItem.Property(id),MyMenu1)</visible>
					<include content="Visible_Bottom_Delayed">
						<param name="id" value="MyMenu1"/>
					</include>
					<control type="grouplist">
						<onup>9002</onup>
						<ondown>100</ondown>
						<include content="WidgetListHomePoster">
							<param name="content_path" value="$INFO[Skin.String(MyMenu1Widgets.Path)]"/>
							<param name="widget_target" value="$INFO[Skin.String(MyMenu1Widgets.Target)]"/>
							<param name="sortby" value="$INFO[Skin.String(MyMenu1Widgets.Sort)]"/>
							<param name="sortorder" value=""/>
							<param name="list_id" value="12"/>
							<param name="fallback_icon" value="defaultfile.png"/>
							<param name="aligny" value="bottom"/>
							<param name="aspect" value="keep"/>
						</include>
					</control>
					<control type="textbox">
						<visible>String.IsEmpty(Skin.String(MyMenu1Widgets.Target))</visible>
						<top>300</top>
						<left>210</left>
						<width>1500</width>
						<height>100</height>
						<label>$LOCALIZE[31135]</label>
						<align>center</align>
					</control>
					<control type="grouplist">
						<visible>!String.IsEmpty(Skin.String(MyMenu1Widgets.Target))</visible>
						<top>390</top>
						<left>15</left>
						<height>350</height>
						<onup>12</onup>
						<include content="Sort_Widgets">
							<param name="SortByTitleLabel">$LOCALIZE[31213]</param>
							<param name="SortByTitleClick">Skin.SetString(MyMenu1Widgets.Sort, title)</param>
							<param name="SortByYearLabel">$LOCALIZE[31212]</param>
							<param name="SortByYearClick">Skin.SetString(MyMenu1Widgets.Sort, year)</param>
							<param name="SortByGenreLabel">$LOCALIZE[31197]</param>
							<param name="SortByGenreClick">Skin.SetString(MyMenu1Widgets.Sort, genre)</param>
							<param name="SortByStudioLabel">$LOCALIZE[31146]</param>
							<param name="SortByStudioClick">Skin.SetString(MyMenu1Widgets.Sort, studio)</param>
							<param name="SortByDefaultLabel">$LOCALIZE[31214]</param>
							<param name="SortByDefaultClick">Skin.SetString(MyMenu1Widgets.Sort, default)</param>
							<param name="EditWidgetsLabel">$LOCALIZE[31187]</param>
							<param name="EditWidgetsClick">RunScript(script.skinshortcuts,type=widgets&amp;showNone=True&amp;skinWidget=MyMenu1Widgets.Source&amp;skinWidgetName=MyMenu1Widgets.Name&amp;skinWidgetTarget=MyMenu1Widgets.Target&amp;skinWidgetPath=MyMenu1Widgets.Path)</param>
							<param name="HideThisMenuLabel">$LOCALIZE[31116]</param>
							<param name="HideThisMenuClick">Skin.ToggleSetting(HomeMenuNoMyMenu1Button)</param>
							<param name="SubMenu1Label">$INFO[Skin.String(Sub1MyMenu1.Title)]</param>
							<param name="SubMenu1Click">$INFO[Skin.String(Sub1MyMenu1.Action)]</param>
							<param name="SubMenu2Label">$INFO[Skin.String(Sub2MyMenu1.Title)]</param>
							<param name="SubMenu2Click">$INFO[Skin.String(Sub2MyMenu1.Action)]</param>
							<param name="SubMenu3Label">$INFO[Skin.String(Sub3MyMenu1.Title)]</param>
							<param name="SubMenu3Click">$INFO[Skin.String(Sub3MyMenu1.Action)]</param>
							<param name="SubMenu4Label">$INFO[Skin.String(Sub4MyMenu1.Title)]</param>
							<param name="SubMenu4Click">$INFO[Skin.String(Sub4MyMenu1.Action)]</param>
							<param name="SubMenu5Label">$INFO[Skin.String(Sub5MyMenu1.Title)]</param>
							<param name="SubMenu5Click">$INFO[Skin.String(Sub5MyMenu1.Action)]</param>
							<param name="SubMenu6Label">$INFO[Skin.String(Sub6MyMenu1.Title)]</param>
							<param name="SubMenu6Click">$INFO[Skin.String(Sub6MyMenu1.Action)]</param>
							<param name="SubMenu7Label">$INFO[Skin.String(Sub7MyMenu1.Title)]</param>
							<param name="SubMenu7Click">$INFO[Skin.String(Sub7MyMenu1.Action)]</param>
						</include>
					</control>
					<control type="label">
						<include>WidgetLabel</include>
						<label>$INFO[Skin.String(MyMenu1Widgets.Name)] Sorted by: $INFO[Skin.String(MyMenu1Widgets.Sort)]</label>
					</control>
				</control>
				<!-- Meu Menu 2 -->
				<control type="group">
					<visible>String.IsEqual(Container(9002).ListItem.Property(id),MyMenu2)</visible>
					<include content="Visible_Bottom_Delayed">
						<param name="id" value="MyMenu2"/>
					</include>
					<control type="grouplist" id="5000">
						<onup>9002</onup>
						<ondown>100</ondown>
						<include content="WidgetListHomePoster">
							<param name="content_path" value="$INFO[Skin.String(MyMenu2Widgets.Path)]"/>
							<param name="widget_target" value="$INFO[Skin.String(MyMenu2Widgets.Target)]"/>
							<param name="sortby" value="$INFO[Skin.String(MyMenu2Widgets.Sort)]"/>
							<param name="sortorder" value=""/>
							<param name="list_id" value="12"/>
							<param name="fallback_icon" value="defaultfile.png"/>
							<param name="aligny" value="bottom"/>
							<param name="aspect" value="keep"/>
						</include>
					</control>
					<control type="textbox">
						<visible>String.IsEmpty(Skin.String(MyMenu2Widgets.Target))</visible>
						<top>300</top>
						<left>210</left>
						<width>1500</width>
						<height>100</height>
						<label>$LOCALIZE[31135]</label>
						<align>center</align>
					</control>
					<control type="grouplist">
						<visible>!String.IsEmpty(Skin.String(MyMenu2Widgets.Target))</visible>
						<top>390</top>
						<left>15</left>
						<height>350</height>
						<onup>12</onup>
						<include content="Sort_Widgets">
							<param name="SortByTitleLabel">$LOCALIZE[31213]</param>
							<param name="SortByTitleClick">Skin.SetString(MyMenu2Widgets.Sort, title)</param>
							<param name="SortByYearLabel">$LOCALIZE[31212]</param>
							<param name="SortByYearClick">Skin.SetString(MyMenu2Widgets.Sort, year)</param>
							<param name="SortByGenreLabel">$LOCALIZE[31197]</param>
							<param name="SortByGenreClick">Skin.SetString(MyMenu2Widgets.Sort, genre)</param>
							<param name="SortByStudioLabel">$LOCALIZE[31146]</param>
							<param name="SortByStudioClick">Skin.SetString(MyMenu2Widgets.Sort, studio)</param>
							<param name="SortByDefaultLabel">$LOCALIZE[31214]</param>
							<param name="SortByDefaultClick">Skin.SetString(MyMenu2Widgets.Sort, default)</param>
							<param name="EditWidgetsLabel">$LOCALIZE[31187]</param>
							<param name="EditWidgetsClick">RunScript(script.skinshortcuts,type=widgets&amp;showNone=True&amp;skinWidget=MyMenu2Widgets.Source&amp;skinWidgetName=MyMenu2Widgets.Name&amp;skinWidgetTarget=MyMenu2Widgets.Target&amp;skinWidgetPath=MyMenu2Widgets.Path)</param>
							<param name="HideThisMenuLabel">$LOCALIZE[31116]</param>
							<param name="HideThisMenuClick">Skin.ToggleSetting(HomeMenuNoMyMenu2Button)</param>
							<param name="SubMenu1Label">$INFO[Skin.String(Sub1MyMenu2.Title)]</param>
							<param name="SubMenu1Click">$INFO[Skin.String(Sub1MyMenu2.Action)]</param>
							<param name="SubMenu2Label">$INFO[Skin.String(Sub2MyMenu2.Title)]</param>
							<param name="SubMenu2Click">$INFO[Skin.String(Sub2MyMenu2.Action)]</param>
							<param name="SubMenu3Label">$INFO[Skin.String(Sub3MyMenu2.Title)]</param>
							<param name="SubMenu3Click">$INFO[Skin.String(Sub3MyMenu2.Action)]</param>
							<param name="SubMenu4Label">$INFO[Skin.String(Sub4MyMenu2.Title)]</param>
							<param name="SubMenu4Click">$INFO[Skin.String(Sub4MyMenu2.Action)]</param>
							<param name="SubMenu5Label">$INFO[Skin.String(Sub5MyMenu2.Title)]</param>
							<param name="SubMenu5Click">$INFO[Skin.String(Sub5MyMenu2.Action)]</param>
							<param name="SubMenu6Label">$INFO[Skin.String(Sub6MyMenu2.Title)]</param>
							<param name="SubMenu6Click">$INFO[Skin.String(Sub6MyMenu2.Action)]</param>
							<param name="SubMenu7Label">$INFO[Skin.String(Sub7MyMenu2.Title)]</param>
							<param name="SubMenu7Click">$INFO[Skin.String(Sub7MyMenu2.Action)]</param>
						</include>
					</control>
					<control type="label">
						<include>WidgetLabel</include>
						<label>$INFO[Skin.String(MyMenu2Widgets.Name)] Sorted by: $INFO[Skin.String(MyMenu2Widgets.Sort)]</label>
					</control>
				</control>
				<!-- Meu Menu 3 -->
				<control type="group">
					<visible>String.IsEqual(Container(9002).ListItem.Property(id),MyMenu3)</visible>
					<include content="Visible_Bottom_Delayed">
						<param name="id" value="MyMenu3"/>
					</include>
					<control type="grouplist" id="5000">
						<onup>9002</onup>
						<ondown>100</ondown>
						<include content="WidgetListHomePoster">
							<param name="content_path" value="$INFO[Skin.String(MyMenu3Widgets.Path)]"/>
							<param name="widget_target" value="$INFO[Skin.String(MyMenu3Widgets.Target)]"/>
							<param name="sortby" value="$INFO[Skin.String(MyMenu3Widgets.Sort)]"/>
							<param name="sortorder" value=""/>
							<param name="list_id" value="12"/>
							<param name="fallback_icon" value="defaultfile.png"/>
							<param name="aligny" value="bottom"/>
							<param name="aspect" value="keep"/>
						</include>
					</control>
					<control type="textbox">
						<visible>String.IsEmpty(Skin.String(MyMenu3Widgets.Target))</visible>
						<top>300</top>
						<left>210</left>
						<width>1500</width>
						<height>100</height>
						<label>$LOCALIZE[31135]</label>
						<align>center</align>
					</control>
					<control type="grouplist">
						<visible>!String.IsEmpty(Skin.String(MyMenu3Widgets.Target))</visible>
						<top>390</top>
						<left>15</left>
						<height>350</height>
						<onup>12</onup>
						<include content="Sort_Widgets">
							<param name="SortByTitleLabel">$LOCALIZE[31213]</param>
							<param name="SortByTitleClick">Skin.SetString(MyMenu3Widgets.Sort, title)</param>
							<param name="SortByYearLabel">$LOCALIZE[31212]</param>
							<param name="SortByYearClick">Skin.SetString(MyMenu3Widgets.Sort, year)</param>
							<param name="SortByGenreLabel">$LOCALIZE[31197]</param>
							<param name="SortByGenreClick">Skin.SetString(MyMenu3Widgets.Sort, genre)</param>
							<param name="SortByStudioLabel">$LOCALIZE[31146]</param>
							<param name="SortByStudioClick">Skin.SetString(MyMenu3Widgets.Sort, studio)</param>
							<param name="SortByDefaultLabel">$LOCALIZE[31214]</param>
							<param name="SortByDefaultClick">Skin.SetString(MyMenu3Widgets.Sort, default)</param>
							<param name="EditWidgetsLabel">$LOCALIZE[31187]</param>
							<param name="EditWidgetsClick">RunScript(script.skinshortcuts,type=widgets&amp;showNone=True&amp;skinWidget=MyMenu3Widgets.Source&amp;skinWidgetName=MyMenu3Widgets.Name&amp;skinWidgetTarget=MyMenu3Widgets.Target&amp;skinWidgetPath=MyMenu3Widgets.Path)</param>
							<param name="HideThisMenuLabel">$LOCALIZE[31116]</param>
							<param name="HideThisMenuClick">Skin.ToggleSetting(HomeMenuNoMyMenu3Button)</param>
							<param name="SubMenu1Label">$INFO[Skin.String(Sub1MyMenu3.Title)]</param>
							<param name="SubMenu1Click">$INFO[Skin.String(Sub1MyMenu3.Action)]</param>
							<param name="SubMenu2Label">$INFO[Skin.String(Sub2MyMenu3.Title)]</param>
							<param name="SubMenu2Click">$INFO[Skin.String(Sub2MyMenu3.Action)]</param>
							<param name="SubMenu3Label">$INFO[Skin.String(Sub3MyMenu3.Title)]</param>
							<param name="SubMenu3Click">$INFO[Skin.String(Sub3MyMenu3.Action)]</param>
							<param name="SubMenu4Label">$INFO[Skin.String(Sub4MyMenu3.Title)]</param>
							<param name="SubMenu4Click">$INFO[Skin.String(Sub4MyMenu3.Action)]</param>
							<param name="SubMenu5Label">$INFO[Skin.String(Sub5MyMenu3.Title)]</param>
							<param name="SubMenu5Click">$INFO[Skin.String(Sub5MyMenu3.Action)]</param>
							<param name="SubMenu6Label">$INFO[Skin.String(Sub6MyMenu3.Title)]</param>
							<param name="SubMenu6Click">$INFO[Skin.String(Sub6MyMenu3.Action)]</param>
							<param name="SubMenu7Label">$INFO[Skin.String(Sub7MyMenu3.Title)]</param>
							<param name="SubMenu7Click">$INFO[Skin.String(Sub7MyMenu3.Action)]</param>
						</include>
					</control>
					<control type="label">
						<include>WidgetLabel</include>
						<label>$INFO[Skin.String(MyMenu3Widgets.Name)] Sorted by: $INFO[Skin.String(MyMenu3Widgets.Sort)]</label>
					</control>
				</control>
				<!-- Meu Menu 4 -->
				<control type="group">
					<visible>String.IsEqual(Container(9002).ListItem.Property(id),MyMenu4)</visible>
					<include content="Visible_Bottom_Delayed">
						<param name="id" value="MyMenu4"/>
					</include>
					<control type="grouplist" id="5000">
						<onup>9002</onup>
						<ondown>100</ondown>
						<include content="WidgetListHomePoster">
							<param name="content_path" value="$INFO[Skin.String(MyMenu4Widgets.Path)]"/>
							<param name="widget_target" value="$INFO[Skin.String(MyMenu4Widgets.Target)]"/>
							<param name="sortby" value="$INFO[Skin.String(MyMenu4Widgets.Sort)]"/>
							<param name="sortorder" value=""/>
							<param name="list_id" value="12"/>
							<param name="fallback_icon" value="defaultfile.png"/>
							<param name="aligny" value="bottom"/>
							<param name="aspect" value="keep"/>
						</include>
					</control>
					<control type="textbox">
						<visible>String.IsEmpty(Skin.String(MyMenu4Widgets.Target))</visible>
						<top>300</top>
						<left>210</left>
						<width>1500</width>
						<height>100</height>
						<label>$LOCALIZE[31135]</label>
						<align>center</align>
					</control>
					<control type="grouplist">
						<visible>!String.IsEmpty(Skin.String(MyMenu4Widgets.Target))</visible>
						<top>390</top>
						<left>15</left>
						<height>350</height>
						<onup>12</onup>
						<include content="Sort_Widgets">
							<param name="SortByTitleLabel">$LOCALIZE[31213]</param>
							<param name="SortByTitleClick">Skin.SetString(MyMenu4Widgets.Sort, title)</param>
							<param name="SortByYearLabel">$LOCALIZE[31212]</param>
							<param name="SortByYearClick">Skin.SetString(MyMenu4Widgets.Sort, year)</param>
							<param name="SortByGenreLabel">$LOCALIZE[31197]</param>
							<param name="SortByGenreClick">Skin.SetString(MyMenu4Widgets.Sort, genre)</param>
							<param name="SortByStudioLabel">$LOCALIZE[31146]</param>
							<param name="SortByStudioClick">Skin.SetString(MyMenu4Widgets.Sort, studio)</param>
							<param name="SortByDefaultLabel">$LOCALIZE[31214]</param>
							<param name="SortByDefaultClick">Skin.SetString(MyMenu4Widgets.Sort, default)</param>
							<param name="EditWidgetsLabel">$LOCALIZE[31187]</param>
							<param name="EditWidgetsClick">RunScript(script.skinshortcuts,type=widgets&amp;showNone=True&amp;skinWidget=MyMenu4Widgets.Source&amp;skinWidgetName=MyMenu4Widgets.Name&amp;skinWidgetTarget=MyMenu4Widgets.Target&amp;skinWidgetPath=MyMenu4Widgets.Path)</param>
							<param name="HideThisMenuLabel">$LOCALIZE[31116]</param>
							<param name="HideThisMenuClick">Skin.ToggleSetting(HomeMenuNoMyMenu4Button)</param>
							<param name="SubMenu1Label">$INFO[Skin.String(Sub1MyMenu4.Title)]</param>
							<param name="SubMenu1Click">$INFO[Skin.String(Sub1MyMenu4.Action)]</param>
							<param name="SubMenu2Label">$INFO[Skin.String(Sub2MyMenu4.Title)]</param>
							<param name="SubMenu2Click">$INFO[Skin.String(Sub2MyMenu4.Action)]</param>
							<param name="SubMenu3Label">$INFO[Skin.String(Sub3MyMenu4.Title)]</param>
							<param name="SubMenu3Click">$INFO[Skin.String(Sub3MyMenu4.Action)]</param>
							<param name="SubMenu4Label">$INFO[Skin.String(Sub4MyMenu4.Title)]</param>
							<param name="SubMenu4Click">$INFO[Skin.String(Sub4MyMenu4.Action)]</param>
							<param name="SubMenu5Label">$INFO[Skin.String(Sub5MyMenu4.Title)]</param>
							<param name="SubMenu5Click">$INFO[Skin.String(Sub5MyMenu4.Action)]</param>
							<param name="SubMenu6Label">$INFO[Skin.String(Sub6MyMenu4.Title)]</param>
							<param name="SubMenu6Click">$INFO[Skin.String(Sub6MyMenu4.Action)]</param>
							<param name="SubMenu7Label">$INFO[Skin.String(Sub7MyMenu4.Title)]</param>
							<param name="SubMenu7Click">$INFO[Skin.String(Sub7MyMenu4.Action)]</param>
						</include>
					</control>
					<control type="label">
						<include>WidgetLabel</include>
						<label>$INFO[Skin.String(MyMenu4Widgets.Name)] Sorted By: $INFO[Skin.String(MyMenu4Widgets.Sort)]</label>
					</control>
				</control>
				<!-- My Menu 5 -->
				<control type="group">
					<visible>String.IsEqual(Container(9002).ListItem.Property(id),MyMenu5)</visible>
					<include content="Visible_Bottom_Delayed">
						<param name="id" value="MyMenu5"/>
					</include>
					<control type="grouplist" id="5000">
						<onup>9002</onup>
						<ondown>100</ondown>
						<include content="WidgetListHomePoster">
							<param name="content_path" value="$INFO[Skin.String(MyMenu5Widgets.Path)]"/>
							<param name="widget_target" value="$INFO[Skin.String(MyMenu5Widgets.Target)]"/>
							<param name="sortby" value="$INFO[Skin.String(MyMenu5Widgets.Sort)]"/>
							<param name="sortorder" value=""/>
							<param name="list_id" value="12"/>
							<param name="fallback_icon" value="defaultfile.png"/>
							<param name="aligny" value="bottom"/>
							<param name="aspect" value="keep"/>
						</include>
					</control>
					<control type="textbox">
						<visible>String.IsEmpty(Skin.String(MyMenu5Widgets.Target))</visible>
						<top>300</top>
						<left>210</left>
						<width>1500</width>
						<height>100</height>
						<label>$LOCALIZE[31135]</label>
						<align>center</align>
					</control>
					<control type="grouplist">
						<visible>!String.IsEmpty(Skin.String(MyMenu5Widgets.Target))</visible>
						<top>390</top>
						<left>15</left>
						<height>350</height>
						<onup>12</onup>
						<include content="Sort_Widgets">
							<param name="SortByTitleLabel">$LOCALIZE[31213]</param>
							<param name="SortByTitleClick">Skin.SetString(MyMenu5Widgets.Sort, title)</param>
							<param name="SortByYearLabel">$LOCALIZE[31212]</param>
							<param name="SortByYearClick">Skin.SetString(MyMenu5Widgets.Sort, year)</param>
							<param name="SortByGenreLabel">$LOCALIZE[31197]</param>
							<param name="SortByGenreClick">Skin.SetString(MyMenu5Widgets.Sort, genre)</param>
							<param name="SortByStudioLabel">$LOCALIZE[31146]</param>
							<param name="SortByStudioClick">Skin.SetString(MyMenu5Widgets.Sort, studio)</param>
							<param name="SortByDefaultLabel">$LOCALIZE[31214]</param>
							<param name="SortByDefaultClick">Skin.SetString(MyMenu5Widgets.Sort, default)</param>
							<param name="EditWidgetsLabel">$LOCALIZE[31187]</param>
							<param name="EditWidgetsClick">RunScript(script.skinshortcuts,type=widgets&amp;showNone=True&amp;skinWidget=MyMenu5Widgets.Source&amp;skinWidgetName=MyMenu5Widgets.Name&amp;skinWidgetTarget=MyMenu5Widgets.Target&amp;skinWidgetPath=MyMenu5Widgets.Path)</param>
							<param name="HideThisMenuLabel">$LOCALIZE[31116]</param>
							<param name="HideThisMenuClick">Skin.ToggleSetting(HomeMenuNoMyMenu5Button)</param>
							<param name="SubMenu1Label">$INFO[Skin.String(Sub1MyMenu5.Title)]</param>
							<param name="SubMenu1Click">$INFO[Skin.String(Sub1MyMenu5.Action)]</param>
							<param name="SubMenu2Label">$INFO[Skin.String(Sub2MyMenu5.Title)]</param>
							<param name="SubMenu2Click">$INFO[Skin.String(Sub2MyMenu5.Action)]</param>
							<param name="SubMenu3Label">$INFO[Skin.String(Sub3MyMenu5.Title)]</param>
							<param name="SubMenu3Click">$INFO[Skin.String(Sub3MyMenu5.Action)]</param>
							<param name="SubMenu4Label">$INFO[Skin.String(Sub4MyMenu5.Title)]</param>
							<param name="SubMenu4Click">$INFO[Skin.String(Sub4MyMenu5.Action)]</param>
							<param name="SubMenu5Label">$INFO[Skin.String(Sub5MyMenu5.Title)]</param>
							<param name="SubMenu5Click">$INFO[Skin.String(Sub5MyMenu5.Action)]</param>
							<param name="SubMenu6Label">$INFO[Skin.String(Sub6MyMenu5.Title)]</param>
							<param name="SubMenu6Click">$INFO[Skin.String(Sub6MyMenu5.Action)]</param>
							<param name="SubMenu7Label">$INFO[Skin.String(Sub7MyMenu5.Title)]</param>
							<param name="SubMenu7Click">$INFO[Skin.String(Sub7MyMenu5.Action)]</param>
						</include>
					</control>
					<control type="label">
						<include>WidgetLabel</include>
						<label>$INFO[Skin.String(MyMenu5Widgets.Name)] Sorted by: $INFO[Skin.String(MyMenu5Widgets.Sort)]</label>
					</control>
				</control>
			</control>
			<!-- Widgets da Direita -->
			<control type="group" id="2001">
				<include>Widget_Display_Right</include>
				<!-- Meu Menu 6 -->
				<control type="group">
					<visible>String.IsEqual(Container(9001).ListItem.Property(id),MyMenu6)</visible>
					<include content="Visible_Bottom_Delayed">
						<param name="id" value="MyMenu6"/>
					</include>
					<control type="grouplist" id="5000">
						<onup>9001</onup>
						<ondown>100</ondown>
						<include content="WidgetListHomePoster">
							<param name="content_path" value="$INFO[Skin.String(MyMenu6Widgets.Path)]"/>
							<param name="widget_target" value="$INFO[Skin.String(MyMenu6Widgets.Target)]"/>
							<param name="sortby" value="$INFO[Skin.String(MyMenu6Widgets.Sort)]"/>
							<param name="sortorder" value=""/>
							<param name="list_id" value="11"/>
							<param name="fallback_icon" value="defaultfile.png"/>
							<param name="aligny" value="bottom"/>
							<param name="aspect" value="keep"/>
						</include>
					</control>
					<control type="textbox">
						<visible>String.IsEmpty(Skin.String(MyMenu6Widgets.Target))</visible>
						<top>300</top>
						<left>210</left>
						<width>1500</width>
						<height>100</height>
						<label>$LOCALIZE[31135]</label>
						<align>center</align>
					</control>
					<control type="grouplist">
						<visible>!String.IsEmpty(Skin.String(MyMenu6Widgets.Target))</visible>
						<top>390</top>
						<left>15</left>
						<height>350</height>
						<onup>11</onup>
						<include content="Sort_Widgets">
							<param name="SortByTitleLabel">$LOCALIZE[31213]</param>
							<param name="SortByTitleClick">Skin.SetString(MyMenu6Widgets.Sort, title)</param>
							<param name="SortByYearLabel">$LOCALIZE[31212]</param>
							<param name="SortByYearClick">Skin.SetString(MyMenu6Widgets.Sort, year)</param>
							<param name="SortByGenreLabel">$LOCALIZE[31197]</param>
							<param name="SortByGenreClick">Skin.SetString(MyMenu6Widgets.Sort, genre)</param>
							<param name="SortByStudioLabel">$LOCALIZE[31146]</param>
							<param name="SortByStudioClick">Skin.SetString(MyMenu6Widgets.Sort, studio)</param>
							<param name="SortByDefaultLabel">$LOCALIZE[31214]</param>
							<param name="SortByDefaultClick">Skin.SetString(MyMenu6Widgets.Sort, default)</param>
							<param name="EditWidgetsLabel">$LOCALIZE[31187]</param>
							<param name="EditWidgetsClick">RunScript(script.skinshortcuts,type=widgets&amp;showNone=True&amp;skinWidget=MyMenu6Widgets.Source&amp;skinWidgetName=MyMenu6Widgets.Name&amp;skinWidgetTarget=MyMenu6Widgets.Target&amp;skinWidgetPath=MyMenu6Widgets.Path)</param>
							<param name="HideThisMenuLabel">$LOCALIZE[31116]</param>
							<param name="HideThisMenuClick">Skin.ToggleSetting(HomeMenuNoMyMenu6Button)</param>
							<param name="SubMenu1Label">$INFO[Skin.String(Sub1MyMenu6.Title)]</param>
							<param name="SubMenu1Click">$INFO[Skin.String(Sub1MyMenu6.Action)]</param>
							<param name="SubMenu2Label">$INFO[Skin.String(Sub2MyMenu6.Title)]</param>
							<param name="SubMenu2Click">$INFO[Skin.String(Sub2MyMenu6.Action)]</param>
							<param name="SubMenu3Label">$INFO[Skin.String(Sub3MyMenu6.Title)]</param>
							<param name="SubMenu3Click">$INFO[Skin.String(Sub3MyMenu6.Action)]</param>
							<param name="SubMenu4Label">$INFO[Skin.String(Sub4MyMenu6.Title)]</param>
							<param name="SubMenu4Click">$INFO[Skin.String(Sub4MyMenu6.Action)]</param>
							<param name="SubMenu5Label">$INFO[Skin.String(Sub5MyMenu6.Title)]</param>
							<param name="SubMenu5Click">$INFO[Skin.String(Sub5MyMenu6.Action)]</param>
							<param name="SubMenu6Label">$INFO[Skin.String(Sub6MyMenu6.Title)]</param>
							<param name="SubMenu6Click">$INFO[Skin.String(Sub6MyMenu6.Action)]</param>
							<param name="SubMenu7Label">$INFO[Skin.String(Sub7MyMenu6.Title)]</param>
							<param name="SubMenu7Click">$INFO[Skin.String(Sub7MyMenu6.Action)]</param>
						</include>
					</control>
					<control type="label">
						<include>WidgetLabel</include>
						<label>$INFO[Skin.String(MyMenu6Widgets.Name)] Sorted by: $INFO[Skin.String(MyMenu6Widgets.Sort)]</label>
					</control>
				</control>
				<!-- Meu Menu 7 -->
				<control type="group">
					<visible>String.IsEqual(Container(9001).ListItem.Property(id),MyMenu7)</visible>
					<include content="Visible_Bottom_Delayed">
						<param name="id" value="MyMenu7"/>
					</include>
					<control type="grouplist" id="5000">
						<onup>9001</onup>
						<ondown>100</ondown>
						<include content="WidgetListHomePoster">
							<param name="content_path" value="$INFO[Skin.String(MyMenu7Widgets.Path)]"/>
							<param name="widget_target" value="$INFO[Skin.String(MyMenu7Widgets.Target)]"/>
							<param name="sortby" value="$INFO[Skin.String(MyMenu7Widgets.Sort)]"/>
							<param name="sortorder" value=""/>
							<param name="list_id" value="11"/>
							<param name="fallback_icon" value="defaultfile.png"/>
							<param name="aligny" value="bottom"/>
							<param name="aspect" value="keep"/>
						</include>
					</control>
					<control type="textbox">
						<visible>String.IsEmpty(Skin.String(MyMenu7Widgets.Target))</visible>
						<top>300</top>
						<left>210</left>
						<width>1500</width>
						<height>100</height>
						<label>$LOCALIZE[31135]</label>
						<align>center</align>
					</control>
					<control type="grouplist">
						<visible>!String.IsEmpty(Skin.String(MyMenu7Widgets.Target))</visible>
						<top>390</top>
						<left>15</left>
						<height>350</height>
						<onup>11</onup>
						<include content="Sort_Widgets">
							<param name="SortByTitleLabel">$LOCALIZE[31213]</param>
							<param name="SortByTitleClick">Skin.SetString(MyMenu7Widgets.Sort, title)</param>
							<param name="SortByYearLabel">$LOCALIZE[31212]</param>
							<param name="SortByYearClick">Skin.SetString(MyMenu7Widgets.Sort, year)</param>
							<param name="SortByGenreLabel">$LOCALIZE[31197]</param>
							<param name="SortByGenreClick">Skin.SetString(MyMenu7Widgets.Sort, genre)</param>
							<param name="SortByStudioLabel">$LOCALIZE[31146]</param>
							<param name="SortByStudioClick">Skin.SetString(MyMenu7Widgets.Sort, studio)</param>
							<param name="SortByDefaultLabel">$LOCALIZE[31214]</param>
							<param name="SortByDefaultClick">Skin.SetString(MyMenu7Widgets.Sort, default)</param>
							<param name="EditWidgetsLabel">$LOCALIZE[31187]</param>
							<param name="EditWidgetsClick">RunScript(script.skinshortcuts,type=widgets&amp;showNone=True&amp;skinWidget=MyMenu7Widgets.Source&amp;skinWidgetName=MyMenu7Widgets.Name&amp;skinWidgetTarget=MyMenu7Widgets.Target&amp;skinWidgetPath=MyMenu7Widgets.Path)</param>
							<param name="HideThisMenuLabel">$LOCALIZE[31116]</param>
							<param name="HideThisMenuClick">Skin.ToggleSetting(HomeMenuNoMyMenu7Button)</param>
							<param name="SubMenu1Label">$INFO[Skin.String(Sub1MyMenu7.Title)]</param>
							<param name="SubMenu1Click">$INFO[Skin.String(Sub1MyMenu7.Action)]</param>
							<param name="SubMenu2Label">$INFO[Skin.String(Sub2MyMenu7.Title)]</param>
							<param name="SubMenu2Click">$INFO[Skin.String(Sub2MyMenu7.Action)]</param>
							<param name="SubMenu3Label">$INFO[Skin.String(Sub3MyMenu7.Title)]</param>
							<param name="SubMenu3Click">$INFO[Skin.String(Sub3MyMenu7.Action)]</param>
							<param name="SubMenu4Label">$INFO[Skin.String(Sub4MyMenu7.Title)]</param>
							<param name="SubMenu4Click">$INFO[Skin.String(Sub4MyMenu7.Action)]</param>
							<param name="SubMenu5Label">$INFO[Skin.String(Sub5MyMenu7.Title)]</param>
							<param name="SubMenu5Click">$INFO[Skin.String(Sub5MyMenu7.Action)]</param>
							<param name="SubMenu6Label">$INFO[Skin.String(Sub6MyMenu7.Title)]</param>
							<param name="SubMenu6Click">$INFO[Skin.String(Sub6MyMenu7.Action)]</param>
							<param name="SubMenu7Label">$INFO[Skin.String(Sub7MyMenu7.Title)]</param>
							<param name="SubMenu7Click">$INFO[Skin.String(Sub7MyMenu7.Action)]</param>
						</include>
					</control>
					<control type="label">
						<include>WidgetLabel</include>
						<label>$INFO[Skin.String(MyMenu7Widgets.Name)] Sorted by: $INFO[Skin.String(MyMenu7Widgets.Sort)]</label>
					</control>
				</control>
				<!-- Meu Menu 8 -->
				<control type="group">
					<visible>String.IsEqual(Container(9001).ListItem.Property(id),MyMenu8)</visible>
					<include content="Visible_Bottom_Delayed">
						<param name="id" value="MyMenu8"/>
					</include>
					<control type="grouplist" id="5000">
						<onup>9001</onup>
						<ondown>100</ondown>
						<include content="WidgetListHomePoster">
							<param name="content_path" value="$INFO[Skin.String(MyMenu8Widgets.Path)]"/>
							<param name="widget_target" value="$INFO[Skin.String(MyMenu8Widgets.Target)]"/>
							<param name="sortby" value="$INFO[Skin.String(MyMenu8Widgets.Sort)]"/>
							<param name="sortorder" value=""/>
							<param name="list_id" value="11"/>
							<param name="fallback_icon" value="defaultfile.png"/>
							<param name="aligny" value="bottom"/>
							<param name="aspect" value="keep"/>
						</include>
					</control>
					<control type="textbox">
						<visible>String.IsEmpty(Skin.String(MyMenu8Widgets.Target))</visible>
						<top>300</top>
						<left>210</left>
						<width>1500</width>
						<height>100</height>
						<label>$LOCALIZE[31135]</label>
						<align>center</align>
					</control>
					<control type="grouplist">
						<visible>!String.IsEmpty(Skin.String(MyMenu8Widgets.Target))</visible>
						<top>390</top>
						<left>15</left>
						<height>350</height>
						<onup>11</onup>
						<include content="Sort_Widgets">
							<param name="SortByTitleLabel">$LOCALIZE[31213]</param>
							<param name="SortByTitleClick">Skin.SetString(MyMenu8Widgets.Sort, title)</param>
							<param name="SortByYearLabel">$LOCALIZE[31212]</param>
							<param name="SortByYearClick">Skin.SetString(MyMenu8Widgets.Sort, year)</param>
							<param name="SortByGenreLabel">$LOCALIZE[31197]</param>
							<param name="SortByGenreClick">Skin.SetString(MyMenu8Widgets.Sort, genre)</param>
							<param name="SortByStudioLabel">$LOCALIZE[31146]</param>
							<param name="SortByStudioClick">Skin.SetString(MyMenu8Widgets.Sort, studio)</param>
							<param name="SortByDefaultLabel">$LOCALIZE[31214]</param>
							<param name="SortByDefaultClick">Skin.SetString(MyMenu8Widgets.Sort, default)</param>
							<param name="EditWidgetsLabel">$LOCALIZE[31187]</param>
							<param name="EditWidgetsClick">RunScript(script.skinshortcuts,type=widgets&amp;showNone=True&amp;skinWidget=MyMenu8Widgets.Source&amp;skinWidgetName=MyMenu8Widgets.Name&amp;skinWidgetTarget=MyMenu8Widgets.Target&amp;skinWidgetPath=MyMenu8Widgets.Path)</param>
							<param name="HideThisMenuLabel">$LOCALIZE[31116]</param>
							<param name="HideThisMenuClick">Skin.ToggleSetting(HomeMenuNoMyMenu8Button)</param>
							<param name="SubMenu1Label">$INFO[Skin.String(Sub1MyMenu8.Title)]</param>
							<param name="SubMenu1Click">$INFO[Skin.String(Sub1MyMenu8.Action)]</param>
							<param name="SubMenu2Label">$INFO[Skin.String(Sub2MyMenu8.Title)]</param>
							<param name="SubMenu2Click">$INFO[Skin.String(Sub2MyMenu8.Action)]</param>
							<param name="SubMenu3Label">$INFO[Skin.String(Sub3MyMenu8.Title)]</param>
							<param name="SubMenu3Click">$INFO[Skin.String(Sub3MyMenu8.Action)]</param>
							<param name="SubMenu4Label">$INFO[Skin.String(Sub4MyMenu8.Title)]</param>
							<param name="SubMenu4Click">$INFO[Skin.String(Sub4MyMenu8.Action)]</param>
							<param name="SubMenu5Label">$INFO[Skin.String(Sub5MyMenu8.Title)]</param>
							<param name="SubMenu5Click">$INFO[Skin.String(Sub5MyMenu8.Action)]</param>
							<param name="SubMenu6Label">$INFO[Skin.String(Sub6MyMenu8.Title)]</param>
							<param name="SubMenu6Click">$INFO[Skin.String(Sub6MyMenu8.Action)]</param>
							<param name="SubMenu7Label">$INFO[Skin.String(Sub7MyMenu8.Title)]</param>
							<param name="SubMenu7Click">$INFO[Skin.String(Sub7MyMenu8.Action)]</param>
						</include>
					</control>
					<control type="label">
						<include>WidgetLabel</include>
						<label>$INFO[Skin.String(MyMenu8Widgets.Name)] Sorted by: $INFO[Skin.String(MyMenu8Widgets.Sort)]</label>
					</control>
				</control>
				<!-- Meu Menu 9 -->
				<control type="group">
					<visible>String.IsEqual(Container(9001).ListItem.Property(id),MyMenu9)</visible>
					<include content="Visible_Bottom_Delayed">
						<param name="id" value="MyMenu9"/>
					</include>
					<control type="grouplist" id="5000">
						<onup>9001</onup>
						<ondown>100</ondown>
						<include content="WidgetListHomePoster">
							<param name="content_path" value="$INFO[Skin.String(MyMenu9Widgets.Path)]"/>
							<param name="widget_target" value="$INFO[Skin.String(MyMenu9Widgets.Target)]"/>
							<param name="sortby" value="$INFO[Skin.String(MyMenu9Widgets.Sort)]"/>
							<param name="sortorder" value=""/>
							<param name="list_id" value="11"/>
							<param name="fallback_icon" value="defaultfile.png"/>
							<param name="aligny" value="bottom"/>
							<param name="aspect" value="keep"/>
						</include>
					</control>
					<control type="textbox">
						<visible>String.IsEmpty(Skin.String(MyMenu9Widgets.Target))</visible>
						<top>300</top>
						<left>210</left>
						<width>1500</width>
						<height>100</height>
						<label>$LOCALIZE[31135]</label>
						<align>center</align>
					</control>
					<control type="grouplist">
						<visible>!String.IsEmpty(Skin.String(MyMenu9Widgets.Target))</visible>
						<top>390</top>
						<left>15</left>
						<onup>11</onup>
						<include content="Sort_Widgets">
							<param name="SortByTitleLabel">$LOCALIZE[31213]</param>
							<param name="SortByTitleClick">Skin.SetString(MyMenu9Widgets.Sort, title)</param>
							<param name="SortByYearLabel">$LOCALIZE[31212]</param>
							<param name="SortByYearClick">Skin.SetString(MyMenu9Widgets.Sort, year)</param>
							<param name="SortByGenreLabel">$LOCALIZE[31197]</param>
							<param name="SortByGenreClick">Skin.SetString(MyMenu9Widgets.Sort, genre)</param>
							<param name="SortByStudioLabel">$LOCALIZE[31146]</param>
							<param name="SortByStudioClick">Skin.SetString(MyMenu9Widgets.Sort, studio)</param>
							<param name="SortByDefaultLabel">$LOCALIZE[31214]</param>
							<param name="SortByDefaultClick">Skin.SetString(MyMenu9Widgets.Sort, default)</param>
							<param name="EditWidgetsLabel">$LOCALIZE[31187]</param>
							<param name="EditWidgetsClick">RunScript(script.skinshortcuts,type=widgets&amp;showNone=True&amp;skinWidget=MyMenu9Widgets.Source&amp;skinWidgetName=MyMenu9Widgets.Name&amp;skinWidgetTarget=MyMenu9Widgets.Target&amp;skinWidgetPath=MyMenu9Widgets.Path)</param>
							<param name="HideThisMenuLabel">$LOCALIZE[31116]</param>
							<param name="HideThisMenuClick">Skin.ToggleSetting(HomeMenuNoMyMenu9Button)</param>
							<param name="SubMenu1Label">$INFO[Skin.String(Sub1MyMenu9.Title)]</param>
							<param name="SubMenu1Click">$INFO[Skin.String(Sub1MyMenu9.Action)]</param>
							<param name="SubMenu2Label">$INFO[Skin.String(Sub2MyMenu9.Title)]</param>
							<param name="SubMenu2Click">$INFO[Skin.String(Sub2MyMenu9.Action)]</param>
							<param name="SubMenu3Label">$INFO[Skin.String(Sub3MyMenu9.Title)]</param>
							<param name="SubMenu3Click">$INFO[Skin.String(Sub3MyMenu9.Action)]</param>
							<param name="SubMenu4Label">$INFO[Skin.String(Sub4MyMenu9.Title)]</param>
							<param name="SubMenu4Click">$INFO[Skin.String(Sub4MyMenu9.Action)]</param>
							<param name="SubMenu5Label">$INFO[Skin.String(Sub5MyMenu9.Title)]</param>
							<param name="SubMenu5Click">$INFO[Skin.String(Sub5MyMenu9.Action)]</param>
							<param name="SubMenu6Label">$INFO[Skin.String(Sub6MyMenu9.Title)]</param>
							<param name="SubMenu6Click">$INFO[Skin.String(Sub6MyMenu9.Action)]</param>
							<param name="SubMenu7Label">$INFO[Skin.String(Sub7MyMenu9.Title)]</param>
							<param name="SubMenu7Click">$INFO[Skin.String(Sub7MyMenu9.Action)]</param>
						</include>
					</control>
					<control type="label">
						<include>WidgetLabel</include>
						<label>$INFO[Skin.String(MyMenu9Widgets.Name)] Sorted by: $INFO[Skin.String(MyMenu9Widgets.Sort)]</label>
					</control>
				</control>
				<!-- Meu Menu 10 -->
				<control type="group">
					<visible>String.IsEqual(Container(9001).ListItem.Property(id),MyMenu10)</visible>
					<include content="Visible_Bottom_Delayed">
						<param name="id" value="MyMenu10"/>
					</include>
					<control type="grouplist" id="5000">
						<onup>9001</onup>
						<ondown>100</ondown>
						<include content="WidgetListHomePoster">
							<param name="content_path" value="$INFO[Skin.String(MyMenu10Widgets.Path)]"/>
							<param name="widget_target" value="$INFO[Skin.String(MyMenu10Widgets.Target)]"/>
							<param name="sortby" value="$INFO[Skin.String(MyMenu10Widgets.Sort)]"/>
							<param name="sortorder" value=""/>
							<param name="list_id" value="11"/>
							<param name="fallback_icon" value="defaultfile.png"/>
							<param name="aligny" value="bottom"/>
							<param name="aspect" value="keep"/>
						</include>
					</control>
					<control type="textbox">
						<visible>String.IsEmpty(Skin.String(MyMenu10Widgets.Target))</visible>
						<top>300</top>
						<left>210</left>
						<width>1500</width>
						<height>100</height>
						<label>$LOCALIZE[31135]</label>
						<align>center</align>
					</control>
					<control type="grouplist">
						<visible>!String.IsEmpty(Skin.String(MyMenu10Widgets.Target))</visible>
						<top>390</top>
						<left>15</left>
						<height>350</height>
						<onup>11</onup>
						<include content="Sort_Widgets">
							<param name="SortByTitleLabel">$LOCALIZE[31213]</param>
							<param name="SortByTitleClick">Skin.SetString(MyMenu10Widgets.Sort, title)</param>
							<param name="SortByYearLabel">$LOCALIZE[31212]</param>
							<param name="SortByYearClick">Skin.SetString(MyMenu10Widgets.Sort, year)</param>
							<param name="SortByGenreLabel">$LOCALIZE[31197]</param>
							<param name="SortByGenreClick">Skin.SetString(MyMenu10Widgets.Sort, genre)</param>
							<param name="SortByStudioLabel">$LOCALIZE[31146]</param>
							<param name="SortByStudioClick">Skin.SetString(MyMenu10Widgets.Sort, studio)</param>
							<param name="SortByDefaultLabel">$LOCALIZE[31214]</param>
							<param name="SortByDefaultClick">Skin.SetString(MyMenu10Widgets.Sort, default)</param>
							<param name="EditWidgetsLabel">$LOCALIZE[31187]</param>
							<param name="EditWidgetsClick">RunScript(script.skinshortcuts,type=widgets&amp;showNone=True&amp;skinWidget=MyMenu10Widgets.Source&amp;skinWidgetName=MyMenu10Widgets.Name&amp;skinWidgetTarget=MyMenu10Widgets.Target&amp;skinWidgetPath=MyMenu10Widgets.Path)</param>
							<param name="HideThisMenuLabel">$LOCALIZE[31116]</param>
							<param name="HideThisMenuClick">Skin.ToggleSetting(HomeMenuNoMyMenu10Button)</param>
							<param name="SubMenu1Label">$INFO[Skin.String(Sub1MyMenu10.Title)]</param>
							<param name="SubMenu1Click">$INFO[Skin.String(Sub1MyMenu10.Action)]</param>
							<param name="SubMenu2Label">$INFO[Skin.String(Sub2MyMenu10.Title)]</param>
							<param name="SubMenu2Click">$INFO[Skin.String(Sub2MyMenu10.Action)]</param>
							<param name="SubMenu3Label">$INFO[Skin.String(Sub3MyMenu10.Title)]</param>
							<param name="SubMenu3Click">$INFO[Skin.String(Sub3MyMenu10.Action)]</param>
							<param name="SubMenu4Label">$INFO[Skin.String(Sub4MyMenu10.Title)]</param>
							<param name="SubMenu4Click">$INFO[Skin.String(Sub4MyMenu10.Action)]</param>
							<param name="SubMenu5Label">$INFO[Skin.String(Sub5MyMenu10.Title)]</param>
							<param name="SubMenu5Click">$INFO[Skin.String(Sub5MyMenu10.Action)]</param>
							<param name="SubMenu6Label">$INFO[Skin.String(Sub6MyMenu10.Title)]</param>
							<param name="SubMenu6Click">$INFO[Skin.String(Sub6MyMenu10.Action)]</param>
							<param name="SubMenu7Label">$INFO[Skin.String(Sub7MyMenu10.Title)]</param>
							<param name="SubMenu7Click">$INFO[Skin.String(Sub7MyMenu10.Action)]</param>
						</include>
					</control>
					<control type="label">
						<include>WidgetLabel</include>
						<label>$INFO[Skin.String(MyMenu10Widgets.Name)] Sorted by: $INFO[Skin.String(MyMenu10Widgets.Sort)]</label>
					</control>
				</control>
			</control>
		</control>
	</include>
</includes>
