<?xml version="1.0" encoding="UTF-8"?>
<window>
	<controls>
		<control type="group">
			<include>animation_topdialogpopup</include>
			<include>Dialogs_Bar</include>
			<animation effect="slide" end="0,-105" time="200" condition="Window.IsVisible(FullscreenVideo) | Window.IsVisible(visualisation)">conditional</animation>
			<control type="progress" id="32">
				<left>15</left>
				<top>39</top>
				<width>1890</width>
				<height>6</height>
			</control>
			<control type="label" id="30">
				<left>15</left>
				<top>6</top>
				<width>593</width>
				<height>30</height>
				<align>left</align>
				<aligny>top</aligny>
				<textcolor>white</textcolor>
				<font>font12</font>
				<scroll>true</scroll>
			</control>
			<control type="label" id="31">
				<left>1312</left>
				<top>6</top>
				<width>593</width>
				<height>30</height>
				<align>right</align>
				<aligny>top</aligny>
				<textcolor>WHITE</textcolor>
				<font>font_plot</font>
				<scroll>true</scroll>
			</control>
		</control>
	</controls>
</window>
