<includes>
	<include name="skinshortcuts-mainmenu">
		<item id="1">
			<property name="id">$NUMBER[1]</property>
			<label>Empty</label>
			<label2 />
			<icon>DefaultShortcut.png</icon>
			<thumb />
			<property name="labelID">empty</property>
			<property name="defaultID">empty</property>
			<onclick>noop</onclick>
			<property name="path">noop</property>
			<property name="list">noop</property>
			<visible>String.IsEqual(System.ProfileName,Master user)</visible>
			<property name="submenuVisibility">empty</property>
			<property name="group">mainmenu</property>
			<property name="hasSubmenu">False</property>
			</item>
		</include>
	<include />
	<include name="skinshortcuts-submenu" />
	<include name="skinshortcuts-group-empty">
		<description>No items</description>
		</include>
	<include name="skinshortcuts-group-alt-empty">
		<description>No items</description>
		</include>
	</includes>
