<?xml version="1.0" encoding="UTF-8"?>
<window>
	<defaultcontrol always="false">3011</defaultcontrol>
	<controls>
		<control type="image">
			<left>0</left>
			<top>0</top>
			<width>100%</width>
			<height>100%</height>
			<aspectratio>scale</aspectratio>
			<texture background="true">fanart.jpg</texture>
			<visible>true</visible>
		</control>
		<control type="label">
				<!-- <visible>String.IsEqual(ListItem.DBTYPE,genre)</visible> -->
				<top>55</top>
				<left>400</left>
				<!-- <label>$INFO[Window(home).Property(SkinHelper.ListItem.Art.ClearLogo)]</label>
				<label>$INFO[Skin.String(\musicgenres.path)]default.jpg</label>
				$INFO[ListItem.Path,,logo.png]
				<label>$INFO[Container(50).NumItems]</label>
				<label>$INFO[Container(9000).Position(pos)]</label>
				<label>$INFO[Player.Folderpath]discart.png</label> -abel>
				<label>$INFO[Skin.String(MusicArtsPath)]$INFO[ListItem.Artist]</label> -->
				<!-- <label>$INFO[ListItem.Property(filename)]</label> -->
				<!-- <label>$INFO[Skin.String(ModelsArtsPath)]poster\$INFO[ListItem.Label].jpg</label> -->
				<label>$INFO[Container(113).ListItem.Property(magazine_name)]</label>
				<!-- <label>$VAR[ClearLogoVar]</label> -->
				<!-- <label>$INFO[ListItem.Property(issue_title)]</label> -->
				<!-- <label>$INFO[ListItem.Folderpath]</label> -->
				<!-- <label>$INFO[Skin.String(ModelsArtsPath)]Clearlogos\$INFO[ListItem.Title].png</label> -->
				<textcolor>white</textcolor>
				<align>left</align>
				<scroll>true</scroll>
				<!-- <visible>Control.HasFocus(10)</visible> -->
			</control>
	</controls>
</window>
