<issue> 
$INFO[ListItem.Property(issue_number)]	: Return Issue Number formated XXX from <issue_number> tag
$INFO[ListItem.Property(issue_title]]*	: Return Issue Title from <issue_titler> tag
$INFO[ListItem.Year]					: Return Rating formated YYYY from <release_year> tag
$INFO[ListItem.Premiered]				: Return Release Date formated MM-DD-YYYY from <release_date> tag
$INFO[ListItem.Genre]					: Return Genre type from <genre> tag
$INFO[ListItem.Studio]					: Return Publisher name from <publisher> tag
$INFO[ListItem.Property(magazine_name)]	: Return Magazine Name name from <magazine_name> tag
$INFO[ListItem.Property(name)] 			: Return Character Name from <name> tag
$INFO[ListItem.Property(issue_style)]	: Return Issue Style from <issue_style> tag
$INFO[ListItem.Rating]					: Return Year formated X.X from <rating> tag
$INFO[ListItem.Plot]					: Return Description from <plot> tag	

* Could be used $INFO[ListItem.Label] or $INFO[ListItem.Title]
** The <other_chars> tag have no ListItem.Property. It´s only used in databased.
</issue>
 
<character></character>
$INFO[ListItem.Property(real_name)]		: Return Character Real Name from <real_name> tag
$INFO[ListItem.Property(birth_date)]	: Return Character Date of Birth from <brith_date> tag
$INFO[ListItem.Property(birth_place)]	: Return Character Place of Birth from <brith_place> tag
$INFO[ListItem.Property(first_app)]		: Return Character First Appearance from <first_app> tag
$INFO[ListItem.Property(char_gender)]	: Return Character Gender from <char_gender> tag
</character>

$INFO[ListItem.Property(magazine_type)]
$INFO[ListItem.Property(magazine_country)]
$INFO[ListItem.Property(magazine_rel)]
$INFO[ListItem.Property(magazine_desc)]

$INFO[ListItem.Property(publisher_type)]
$INFO[ListItem.Property(publisher_country)]
$INFO[ListItem.Property(publisher_year)]
$INFO[ListItem.Property(publisher_desc)]
