<?xml version="1.0" encoding="UTF-8"?>
<includes>
	<!-- Menu do Topo -->
	<include name="Top_Menu">		
		<!-- Seriados ID 6000 -->
		<item>
			<label>$LOCALIZE[20343]</label>
			<onclick condition="Library.HasContent(tvshows) + Skin.HasSetting(home_no_categories_widget)">ActivateWindow(Videos,videodb://tvshows/,return)</onclick>
			<onclick condition="Library.HasContent(tvshows) + !Skin.HasSetting(home_no_categories_widget)">ActivateWindow(Videos,videodb://tvshows/titles/,return)</onclick>
			<onclick condition="!Library.HasContent(tvshows)">ActivateWindow(Videos,sources://video/,return)</onclick>
			<property name="menu_id">$NUMBER[6000]</property>
			<thumb>icons/sidemenu/tv.png</thumb>
			<property name="id">tvshows</property>
			<visible>!Skin.HasSetting(HomeMenuNoTVShowButton) + String.IsEmpty(Skin.String(HomeTvShows.Title))</visible>
		</item>
		<item>
			<label>$INFO[Skin.String(HomeTvShows.Title)]</label>
			<onclick condition="!String.IsEmpty(Skin.String(HomeTvShows.Action))">$INFO[Skin.String(HomeTvShows.Action)]</onclick>
			<onclick condition="Library.HasContent(tvshows) + Skin.HasSetting(home_no_categories_widget) + String.IsEmpty(Skin.String(HomeTvShows.Action))">ActivateWindow(Videos,videodb://tvshows/,return)</onclick>
			<onclick condition="Library.HasContent(tvshows) + !Skin.HasSetting(home_no_categories_widget) + String.IsEmpty(Skin.String(HomeTvShows.Action))">ActivateWindow(Videos,videodb://tvshows/titles/,return)</onclick>
			<onclick condition="!Library.HasContent(tvshows) + String.IsEmpty(Skin.String(HomeTvShows.Action))">ActivateWindow(Videos,sources://video/,return)</onclick>
			<property name="menu_id">$NUMBER[6000]</property>
			<thumb>icons/sidemenu/tv.png</thumb>
			<property name="id">tvshows</property>
			<visible>!Skin.HasSetting(HomeMenuNoTVShowButton) + !String.IsEmpty(Skin.String(HomeTvShows.Title))</visible>
		</item>
		
		<!-- Filmes ID 5000 -->
		<item>
			<label>$LOCALIZE[342]</label>
			<onclick condition="Library.HasContent(movies) + Skin.HasSetting(home_no_categories_widget)">ActivateWindow(Videos,videodb://movies/,return)</onclick>
			<onclick condition="Library.HasContent(movies) + !Skin.HasSetting(home_no_categories_widget)">ActivateWindow(Videos,videodb://movies/titles/,return)</onclick>
			<onclick condition="!Library.HasContent(movies)">ActivateWindow(Videos,sources://video/,return)</onclick>
			<property name="menu_id">$NUMBER[5000]</property>
			<thumb>icons/sidemenu/movies.png</thumb>
			<property name="id">movies</property>
			<visible>!Skin.HasSetting(HomeMenuNoMovieButton) + String.IsEmpty(Skin.String(HomeMovies.Title))</visible>
		</item>
		<item>
			<label>$INFO[Skin.String(HomeMovies.Title)]</label>
			<onclick condition="!String.IsEmpty(Skin.String(HomeMovies.Action))">$INFO[Skin.String(HomeMovies.Action)]</onclick>
			<onclick condition="Library.HasContent(movies) + Skin.HasSetting(home_no_categories_widget) + String.IsEmpty(Skin.String(HomeMovies.Action))">ActivateWindow(Videos,videodb://movies/,return)</onclick>
			<onclick condition="Library.HasContent(movies) + !Skin.HasSetting(home_no_categories_widget) + String.IsEmpty(Skin.String(HomeMovies.Action))">ActivateWindow(Videos,videodb://movies/titles/,return)</onclick>
			<onclick condition="!Library.HasContent(movies)  + String.IsEmpty(Skin.String(HomeMovies.Action))">ActivateWindow(Videos,sources://video/,return)</onclick>
			<property name="menu_id">$NUMBER[5000]</property>
			<thumb>icons/sidemenu/movies.png</thumb>
			<property name="id">movies</property>
			<visible>!Skin.HasSetting(HomeMenuNoMovieButton) + !String.IsEmpty(Skin.String(HomeMovies.Title))</visible>
		</item>
		
		<!-- Jogos ID 8000-->
		<item>
			<label>$LOCALIZE[15016]</label>
			<property name="menu_id">$NUMBER[8000]</property>
			<onclick>ActivateWindow(Games)</onclick>
			<thumb>icons/sidemenu/games.png</thumb>
			<property name="id">games</property>
			<visible>System.GetBool(gamesgeneral.enable) + !Skin.HasSetting(HomeMenuNoGamesButton) + String.IsEmpty(Skin.String(HomeGames.Title))</visible>
		</item>
		<item>
			<label>$INFO[Skin.String(HomeGames.Title)]</label>
			<property name="menu_id">$NUMBER[8000]</property>
			<onclick condition="!String.IsEmpty(Skin.String(HomeGames.Action))">$INFO[Skin.String(HomeGames.Action)]</onclick>
			<onclick condition="String.IsEmpty(Skin.String(HomeGames.Action))">ActivateWindow(Games)</onclick>			
			<thumb>icons/sidemenu/games.png</thumb>
			<property name="id">games</property>
			<visible>System.GetBool(gamesgeneral.enable) + !Skin.HasSetting(HomeMenuNoGamesButton) + !String.IsEmpty(Skin.String(HomeGames.Title))</visible>
		</item>
		
		<!-- Musicas ID 7000 -->
		<item>
			<label>$LOCALIZE[2]</label>
			<onclick>ActivateWindow(Music,root,return)</onclick>
			<property name="menu_id">$NUMBER[7000]</property>
			<thumb>icons/sidemenu/music.png</thumb>
			<property name="id">music</property>
			<visible>!Skin.HasSetting(HomeMenuNoMusicButton) + String.IsEmpty(Skin.String(HomeMusic.Title))</visible>
		</item>
		<item>
			<label>$INFO[Skin.String(HomeMusic.Title)]</label>
			<onclick condition="String.IsEmpty(Skin.String(HomeMusic.Title))">ActivateWindow(Music,root,return)</onclick>
			<onclick condition="!String.IsEmpty(Skin.String(HomeMusic.Title))">$INFO[Skin.String(HomeMusic.Action)]</onclick>
			<property name="menu_id">$NUMBER[7000]</property>
			<thumb>icons/sidemenu/music.png</thumb>
			<property name="id">music</property>
			<visible>!Skin.HasSetting(HomeMenuNoMusicButton) + !String.IsEmpty(Skin.String(HomeMusic.Title))</visible>
		</item>
		
		<!-- Imagens ID 4000 -->
		<item>
			<label>$LOCALIZE[1]</label>
			<onclick>ActivateWindow(Pictures)</onclick>
			<property name="menu_id">$NUMBER[4000]</property>
			<thumb>icons/sidemenu/pictures.png</thumb>
			<property name="id">pictures</property>
			<visible>!Skin.HasSetting(HomeMenuNoPicturesButton) + String.IsEmpty(Skin.String(HomePictures.Title))</visible>>
		</item>
		<item>
			<label>$INFO[Skin.String(HomePictures.Title)]</label>
			<onclick condition="String.IsEmpty(Skin.String(HomePictures.Title))">ActivateWindow(Pictures)</onclick>
			<onclick condition="!String.IsEmpty(Skin.String(HomePictures.Title))">$INFO[Skin.String(HomePictures.Action)]</onclick>
			<property name="menu_id">$NUMBER[4000]</property>
			<thumb>icons/sidemenu/pictures.png</thumb>
			<property name="id">pictures</property>
			<visible>!Skin.HasSetting(HomeMenuNoPicturesButton) + !String.IsEmpty(Skin.String(HomePictures.Title))</visible>
		</item>	
	</include>
	<!-- Menu da Esquerda -->
	<include name="Left_Menu">		
		<!-- Meu Menu 1 -->
		<item>
			<label>$INFO[Skin.String(MyMenu1.Title)]</label>
			<onclick>$INFO[Skin.String(MyMenu1.Action)]</onclick>
			<property name="menu_id">$NUMBER[4000]</property>
			<thumb>$VAR[HomeMyMenu1CustomIcon]</thumb>
			<property name="id">MyMenu1</property>
			<visible>!Skin.HasSetting(HomeMenuNoMyMenu1Button) + !String.IsEmpty(Skin.String(MyMenu1.Title))</visible>
		</item>
		<!-- Meu Menu 2 -->
		<item>
			<label>$INFO[Skin.String(MyMenu2.Title)]</label>
			<onclick>$INFO[Skin.String(MyMenu2.Action)]</onclick>
			<property name="menu_id">$NUMBER[4000]</property>
			<thumb>$VAR[HomeMyMenu2CustomIcon]</thumb>
			<property name="id">MyMenu2</property>
			<visible>!Skin.HasSetting(HomeMenuNoMyMenu2Button) + !String.IsEmpty(Skin.String(MyMenu2.Title))</visible>
		</item>
		<!-- Meu Menu 3 -->
		<item>
			<label>$INFO[Skin.String(MyMenu3.Title)]</label>
			<onclick>$INFO[Skin.String(MyMenu3.Action)]</onclick>
			<property name="menu_id">$NUMBER[4000]</property>
			<thumb>$VAR[HomeMyMenu3CustomIcon]</thumb>
			<property name="id">MyMenu3</property>
			<visible>!Skin.HasSetting(HomeMenuNoMyMenu3Button) + !String.IsEmpty(Skin.String(MyMenu3.Title))</visible>
		</item>
		<!-- Meu Menu 4 -->
		<item>
			<label>$INFO[Skin.String(MyMenu4.Title)]</label>
			<onclick>$INFO[Skin.String(MyMenu4.Action)]</onclick>
			<property name="menu_id">$NUMBER[4000]</property>
			<thumb>$VAR[HomeMyMenu4CustomIcon]</thumb>
			<property name="id">MyMenu4</property>
			<visible>!Skin.HasSetting(HomeMenuNoMyMenu4Button) + !String.IsEmpty(Skin.String(MyMenu4.Title))</visible>
		</item>
		<!-- Meu Menu 5 -->
		<item>
			<label>$INFO[Skin.String(MyMenu5.Title)]</label>
			<onclick>$INFO[Skin.String(MyMenu5.Action)]</onclick>
			<property name="menu_id">$NUMBER[4000]</property>
			<thumb>$VAR[HomeMyMenu5CustomIcon]</thumb>
			<property name="id">MyMenu5</property>
			<visible>!Skin.HasSetting(HomeMenuNoMyMenu5Button) + !String.IsEmpty(Skin.String(MyMenu5.Title))</visible>
		</item>
	</include>
	<!-- Menu da direita -->
	<include name="Right_Menu">
		<!-- Meu Menu 6 -->
		<item>
			<label>$INFO[Skin.String(MyMenu6.Title)]</label>
			<onclick>$INFO[Skin.String(MyMenu6.Action)]</onclick>
			<property name="menu_id">$NUMBER[4000]</property>
			<thumb>$VAR[HomeMyMenu6CustomIcon]</thumb>
			<property name="id">MyMenu6</property>
			<visible>!Skin.HasSetting(HomeMenuNoMyMenu6Button) + !String.IsEmpty(Skin.String(MyMenu6.Title))</visible>
		</item>
		<!-- Meu Menu 7 -->
		<item>
			<label>$INFO[Skin.String(MyMenu7.Title)]</label>
			<onclick>$INFO[Skin.String(MyMenu7.Action)]</onclick>
			<property name="menu_id">$NUMBER[4000]</property>
			<thumb>$VAR[HomeMyMenu7CustomIcon]</thumb>
			<property name="id">MyMenu7</property>
			<visible>!Skin.HasSetting(HomeMenuNoMyMenu7Button) + !String.IsEmpty(Skin.String(MyMenu7.Title))</visible>
		</item>
		<!-- Meu Menu 8 -->
		<item>
			<label>$INFO[Skin.String(MyMenu8.Title)]</label>
			<onclick>$INFO[Skin.String(MyMenu8.Action)]</onclick>
			<property name="menu_id">$NUMBER[4000]</property>
			<thumb>$VAR[HomeMyMenu8CustomIcon]</thumb>
			<property name="id">MyMenu8</property>
			<visible>!Skin.HasSetting(HomeMenuNoMyMenu8Button) + !String.IsEmpty(Skin.String(MyMenu8.Title))</visible>
		</item>
		<!-- Meu Menu 9 -->
		<item>
			<label>$INFO[Skin.String(MyMenu9.Title)]</label>
			<onclick>$INFO[Skin.String(MyMenu9.Action)]</onclick>
			<property name="menu_id">$NUMBER[4000]</property>
			<thumb>$VAR[HomeMyMenu9CustomIcon]</thumb>
			<property name="id">MyMenu9</property>
			<visible>!Skin.HasSetting(HomeMenuNoMyMenu9Button) + !String.IsEmpty(Skin.String(MyMenu9.Title))</visible>
		</item>
		<!-- Meu Menu 10 -->
		<item>
			<label>$INFO[Skin.String(MyMenu10.Title)]</label>
			<onclick>$INFO[Skin.String(MyMenu10.Action)]</onclick>
			<property name="menu_id">$NUMBER[4000]</property>
			<thumb>$VAR[HomeMyMenu10CustomIcon]</thumb>
			<property name="id">MyMenu10</property>
			<visible>!Skin.HasSetting(HomeMenuNoMyMenu10Button) + !String.IsEmpty(Skin.String(MyMenu10.Title))</visible>
		</item>
	</include>
</includes>
