<?xml version="1.0" encoding="UTF-8"?>
<includes>
	<include name="Home_Widgets">
		<!-- Grupo de Widgets -->
		<control type="group">
			<bottom>130</bottom>
			<height>500</height>
			<left>-2</left>
			<animation type="Conditional" condition="Player.HasMedia + Skin.HasSetting(showhomenowplaying)" reversible="true">
				<effect type="slide" end="0,540" time="500" tween="sine"/>
			</animation>
			<animation type="Conditional" condition="Control.IsVisible(20000)" reversible="false">
				<effect type="slide" end="0,20" time="60" tween="sine"/>
				<effect type="slide" end="0,-20" time="180" tween="sine" delay="80"/>
			</animation>
			<animation type="Conditional" condition="Control.IsVisible(20001)" reversible="false">
				<effect type="slide" end="0,-20" time="60" tween="sine"/>
				<effect type="slide" end="0,20" time="180" tween="sine" delay="80"/>
			</animation>
			<include>OpenClose_Down</include>
			<!-- Widgets do Topo Default -->
			<control type="group" id="2000">
				<include>Widget_Display_Top</include>
				<!-- Jogos ID 8000 -->
				<control type="group">
					<visible>String.IsEqual(Container(9000).ListItem.Property(id),games)</visible>
					<visible>!Control.HasFocus(9001)</visible>
					<include content="Visible_Bottom_Delayed">
						<param name="id" value="games"/>
					</include>
					<control type="grouplist" id="8000">
						<visible>!String.IsEmpty(Skin.String(GamesWidgets.Target))</visible>
						<ondown>9000</ondown>
						<onup>9000</onup>
						<include content="WidgetListHomePoster">
							<param name="content_path" value="$INFO[Skin.String(GamesWidgets.Path)]"/>
							<param name="widget_target" value="$INFO[Skin.String(GamesWidgets.Target)]"/>
							<param name="sortby" value="title"/>
							<param name="list_id" value="10"/>		
							<param name="fallback_icon" value="defaultgames.png"/>
							<param name="aligny" value="bottom"/>
							<param name="aspect" value="keep"/>
						</include>
					</control>
					<control type="group" id="8000">
						<visible>String.IsEmpty(Skin.String(GamesWidgets.Target))</visible>
						<left>210</left>
						<ondown>12</ondown>
						<include content="NoAddons">
							<param name="NoAddonsText">$LOCALIZE[31162]</param>
							<param name="ButtomAddAddon">$LOCALIZE[31213]</param>
							<param name="ButtomAddAddonClick">ActivateWindow(games,addons://sources/game/,return)</param>
							<param name="ButtomHideMenu">$LOCALIZE[31116]</param>
							<param name="ButtomHideMenuClick">Skin.ToggleSetting(HomeMenuNoGamesButton)</param>
							<param name="ButtomAddSource">$LOCALIZE[31197]</param>
							<param name="ButtomAddSourceClick">ActivateWindow(Games)</param>
						</include>
					</control>
					<control type="label">
						<include>WidgetLabel</include>
						<label>$INFO[Skin.String(GamesWidgets.Name)]</label>
					</control>
				</control>
				<!-- Filmes ID 5000 -->
				<control type="group">
					<visible>String.IsEqual(Container(9000).ListItem.Property(id),movies)</visible>
					<include content="Visible_Bottom_Delayed">
						<param name="id" value="movies"/>
					</include>
					<control type="grouplist" id="5000">
						<visible>!String.IsEmpty(Skin.String(MoviesWidgets.Target))</visible>
						<!-- <onup>9000</onup> -->
						<ondown>17</ondown>
						<include content="WidgetListHomePoster">
							<param name="content_path" value="$INFO[Skin.String(MoviesWidgets.Path)]"/>
							<param name="widget_target" value="$INFO[Skin.String(MoviesWidgets.Target)]"/>
							<param name="sortby" value="title"/>
							<param name="sortorder" value=""/>
							<param name="list_id" value="10"/>
							<param name="fallback_icon" value="defaultmovies.png"/>
							<param name="aligny" value="bottom"/>
							<param name="aspect" value="keep"/>
						</include>
					</control>
					<control type="group" id="5000">
						<visible>String.IsEmpty(Skin.String(MoviesWidgets.Target))</visible>
						<left>210</left>
						<ondown>12</ondown>
						<include content="NoAddons">
							<param name="NoAddonsText">$LOCALIZE[31105]</param>
							<param name="ButtomAddAddon">$LOCALIZE[31211]</param>
							<param name="ButtomAddAddonClick">ActivateWindow(videos,addons://sources/video/,return)</param>
							<param name="ButtomHideMenu">$LOCALIZE[31116]</param>
							<param name="ButtomHideMenuClick">Skin.ToggleSetting(HomeMenuNoMovieButton)</param>
							<param name="ButtomAddSource">$LOCALIZE[31135]</param>
							<param name="ButtomAddSourceClick">ActivateWindow(Videos,Return)</param>
						</include>
					</control>
					<control type="label">
						<include>WidgetLabel</include>
						<label>$INFO[Skin.String(MoviesWidgets.Name)]</label>
					</control>
				</control>
				<!-- Seriados ID 6000 -->
				<control type="group">
					<visible>String.IsEqual(Container(9000).ListItem.Property(id),tvshows)</visible>
					<include content="Visible_Bottom_Delayed">
						<param name="id" value="tvshows"/>
					</include>
					<control type="grouplist" id="6000">
						<visible>!String.IsEmpty(Skin.String(TvShowsWidgets.Target))</visible>
						<top>0</top>
						<!-- <onup>9000</onup> -->
						<ondown>12</ondown>
						<include content="WidgetListHomePoster">
							<param name="content_path" value="$INFO[Skin.String(TvShowsWidgets.Path)]"/>
							<param name="widget_target" value="$INFO[Skin.String(TvShowsWidgets.Target)]"/>
							<param name="sortby" value="title"/>
							<param name="sortorder" value=""/>
							<param name="list_id" value="10"/>
							<param name="fallback_icon" value="defaulttvshows.png"/>
							<param name="aligny" value="bottom"/>
							<param name="aspect" value="keep"/>
						</include>
					</control>
					<control type="group" id="6000">
						<visible>String.IsEmpty(Skin.String(TvShowsWidgets.Target))</visible>
						<left>210</left>
						<ondown>12</ondown>
						<include content="NoAddons">
							<param name="NoAddonsText">$LOCALIZE[31105]</param>
							<param name="ButtomAddAddon">$LOCALIZE[31211]</param>
							<param name="ButtomAddAddonClick">ActivateWindow(videos,addons://sources/video/,return)</param>
							<param name="ButtomHideMenu">$LOCALIZE[31116]</param>
							<param name="ButtomHideMenuClick">Skin.ToggleSetting(HomeMenuNoTvShowButton)</param>
							<param name="ButtomAddSource">$LOCALIZE[31135]</param>
							<param name="ButtomAddSourceClick">ActivateWindow(Videos,return)</param>
						</include>
					</control>
					<control type="label">
						<include>WidgetLabel</include>
						<label>$INFO[Skin.String(TvShowsWidgets.Name)]</label>
					</control>
				</control>
				<!-- Musicas ID 7000 -->
				<control type="group">
					<visible>String.IsEqual(Container(9000).ListItem.Property(id),music)</visible>
					<include content="Visible_Bottom_Delayed">
						<param name="id" value="music"/>
					</include>
					<control type="grouplist" id="7000">
						<visible>!String.IsEmpty(Skin.String(MusicWidgets.Target))</visible>
						<top>0</top>
						<ondown>9000</ondown>
						<include content="WidgetListHomePoster">
							<param name="content_path" value="$INFO[Skin.String(MusicWidgets.Path)]"/>
							<param name="widget_target" value="$INFO[Skin.String(MusicWidgets.Target)]"/>
							<param name="sortby" value="title"/>
							<param name="sortorder" value=""/>
							<param name="list_id" value="10"/>
							<param name="fallback_icon" value="defaultmusic.png"/>
							<param name="aligny" value="bottom"/>
							<param name="aspect" value="keep"/>
						</include>
					</control>
					<control type="group" id="7000">
						<visible>String.IsEmpty(Skin.String(MusicWidgets.Target))</visible>
						<left>210</left>
						<ondown>12</ondown>
						<include content="NoAddons">
							<param name="NoAddonsText">$LOCALIZE[31221]</param>
							<param name="ButtomAddAddon">$LOCALIZE[31212]</param>
							<param name="ButtomAddAddonClick">ActivateWindow(music,addons://sources/audio/,return)</param>
							<param name="ButtomHideMenu">$LOCALIZE[31116]</param>
							<param name="ButtomHideMenuClick">Skin.ToggleSetting(HomeMenuNoMusicButton)</param>
							<param name="ButtomAddSource">$LOCALIZE[31146]</param>
							<param name="ButtomAddSourceClick">ActivateWindow(Music,return)</param>
						</include>
					</control>
					<control type="label">
						<include>WidgetLabel</include>
						<label>$INFO[Skin.String(MusicWidgets.Name)]</label>
					</control>
				</control>
				<!-- Imagens ID 4000 -->
				<control type="group">
					<visible>String.IsEqual(Container(9000).ListItem.Property(id),pictures)</visible>
					<visible>!Control.HasFocus(9001)</visible>
					<include content="Visible_Bottom_Delayed">
						<param name="id" value="pictures"/>
					</include>
					<control type="grouplist" id="4000">
						<visible>!String.IsEmpty(Skin.String(PicturesWidgets.Target))</visible>
						<top>0</top>
						<!-- <onup>9000</onup> -->
						<ondown>12</ondown>
						<pagecontrol>4010</pagecontrol>
						<include content="WidgetListHomePoster">
							<param name="content_path" value="$INFO[Skin.String(PicturesWidgets.Path)]"/>
							<param name="widget_target" value="$INFO[Skin.String(PicturesWidgets.Target)]"/>
							<param name="sortby" value="title"/>
							<param name="sortorder" value=""/>
							<param name="list_id" value="10"/>
							<param name="fallback_icon" value="defaultpicture.png"/>
							<param name="aligny" value="bottom"/>
							<param name="aspect" value="keep"/>
						</include>
					</control>
					<control type="group" id="4000">
						<visible>String.IsEmpty(Skin.String(PicturesWidgets.Target))</visible>
						<left>210</left>
						<ondown>12</ondown>
						<include content="NoAddons">
							<param name="NoAddonsText">$LOCALIZE[31111]</param>
							<param name="ButtomAddAddon">$LOCALIZE[31214]</param>
							<param name="ButtomAddAddonClick">ActivateWindow(pictures,addons://sources/image/,return)</param>
							<param name="ButtomHideMenu">$LOCALIZE[31116]</param>
							<param name="ButtomHideMenuClick">Skin.ToggleSetting(HomeMenuNoPicturesButton)</param>
							<param name="ButtomAddSource">$LOCALIZE[31147]</param>
							<param name="ButtomAddSourceClick">ActivateWindow(Pictures,return)</param>
						</include>
					</control>
					<control type="label">
						<include>WidgetLabel</include>
						<label>$INFO[Skin.String(PicturesWidgets.Name)]</label>
					</control>
				</control>
			</control>
			<!-- Widgets da Esquerda -->
			<control type="group" id="2002">
				<include>Widget_Display_Left</include>
				<!-- Meu Menu 1 -->
				<control type="group">
					<visible>String.IsEqual(Container(9002).ListItem.Property(id),MyMenu1)</visible>
					<include content="Visible_Bottom_Delayed">
						<param name="id" value="MyMenu1"/>
					</include>
					<control type="grouplist">
						<onup>9002</onup>
						<include content="WidgetListHomePoster">
							<param name="content_path" value="$INFO[Skin.String(MyMenu1Widgets.Path)]"/>
							<param name="widget_target" value="$INFO[Skin.String(MyMenu1Widgets.Target)]"/>
							<param name="sortby" value="title"/>
							<param name="sortorder" value=""/>
							<param name="list_id" value="12"/>
							<param name="fallback_icon" value="defaultfile.png"/>
							<param name="aligny" value="bottom"/>
							<param name="aspect" value="keep"/>
						</include>
					</control>
					<control type="label">
						<include>WidgetLabel</include>
						<label>$INFO[Skin.String(MyMenu1Widgets.Name)]</label>
					</control>
				</control>
				<!-- Meu Menu 2 -->
				<control type="group">
					<visible>String.IsEqual(Container(9002).ListItem.Property(id),MyMenu2)</visible>
					<include content="Visible_Bottom_Delayed">
						<param name="id" value="MyMenu2"/>
					</include>
					<control type="grouplist" id="5000">
						<!-- <onup>9000</onup> -->
						<ondown>12</ondown>
						<include content="WidgetListHomePoster">
							<param name="content_path" value="$INFO[Skin.String(MyMenu2Widgets.Path)]"/>
							<param name="widget_target" value="$INFO[Skin.String(MyMenu2Widgets.Target)]"/>
							<param name="sortby" value="title"/>
							<param name="sortorder" value=""/>
							<param name="list_id" value="12"/>
							<param name="fallback_icon" value="defaultfile.png"/>
							<param name="aligny" value="bottom"/>
							<param name="aspect" value="keep"/>
						</include>
					</control>
					<control type="label">
						<include>WidgetLabel</include>
						<label>$INFO[Skin.String(MyMenu2Widgets.Name)]</label>
					</control>
				</control>
				<!-- Meu Menu 3 -->
				<control type="group">
					<visible>String.IsEqual(Container(9002).ListItem.Property(id),MyMenu3)</visible>
					<include content="Visible_Bottom_Delayed">
						<param name="id" value="MyMenu3"/>
					</include>
					<control type="grouplist" id="5000">
						<!-- <onup>9000</onup> -->
						<ondown>12</ondown>
						<include content="WidgetListHomePoster">
							<param name="content_path" value="$INFO[Skin.String(MyMenu3Widgets.Path)]"/>
							<param name="widget_target" value="$INFO[Skin.String(MyMenu3Widgets.Target)]"/>
							<param name="sortby" value="title"/>
							<param name="sortorder" value=""/>
							<param name="list_id" value="12"/>
							<param name="fallback_icon" value="defaultfile.png"/>
							<param name="aligny" value="bottom"/>
							<param name="aspect" value="keep"/>
						</include>
					</control>
					<control type="label">
						<include>WidgetLabel</include>
						<label>$INFO[Skin.String(MyMenu3Widgets.Name)]</label>
					</control>
				</control>
				<!-- Meu Menu 4 -->
				<control type="group">
					<visible>String.IsEqual(Container(9002).ListItem.Property(id),MyMenu4)</visible>
					<include content="Visible_Bottom_Delayed">
						<param name="id" value="MyMenu4"/>
					</include>
					<control type="grouplist" id="5000">
						<!-- <onup>9000</onup> -->
						<ondown>12</ondown>
						<include content="WidgetListHomePoster">
							<param name="content_path" value="$INFO[Skin.String(MyMenu4Widgets.Path)]"/>
							<param name="widget_target" value="$INFO[Skin.String(MyMenu4Widgets.Target)]"/>
							<param name="sortby" value="title"/>
							<param name="sortorder" value=""/>
							<param name="list_id" value="12"/>
							<param name="fallback_icon" value="defaultfile.png"/>
							<param name="aligny" value="bottom"/>
							<param name="aspect" value="keep"/>
						</include>
					</control>
					<control type="label">
						<include>WidgetLabel</include>
						<label>$INFO[Skin.String(MyMenu4Widgets.Name)]</label>
					</control>
				</control>
				<!-- My Menu 5 -->
				<control type="group">
					<visible>String.IsEqual(Container(9002).ListItem.Property(id),MyMenu5)</visible>
					<include content="Visible_Bottom_Delayed">
						<param name="id" value="MyMenu5"/>
					</include>
					<control type="grouplist" id="5000">
						<!-- <onup>9000</onup> -->
						<ondown>12</ondown>
						<include content="WidgetListHomePoster">
							<param name="content_path" value="$INFO[Skin.String(MyMenu5Widgets.Path)]"/>
							<param name="widget_target" value="$INFO[Skin.String(MyMenu5.Widgets.Target)]"/>
							<param name="sortby" value="title"/>
							<param name="sortorder" value=""/>
							<param name="list_id" value="12"/>
							<param name="fallback_icon" value="defaultfile.png"/>
							<param name="aligny" value="bottom"/>
							<param name="aspect" value="keep"/>
						</include>
					</control>
					<control type="label">
						<include>WidgetLabel</include>
						<label>$INFO[Skin.String(MyMenu5Widgets.Name)]</label>
					</control>
				</control>
			</control>
			<!-- Widgets da Direita -->
			<control type="group" id="2001">
				<include>Widget_Display_Right</include>
				<!-- Meu Menu 6 -->
				<control type="group">
					<visible>String.IsEqual(Container(9001).ListItem.Property(id),MyMenu6)</visible>
					<include content="Visible_Bottom_Delayed">
						<param name="id" value="MyMenu6"/>
					</include>
					<control type="grouplist" id="5000">
						<onup>9001</onup>
						<ondown>12</ondown>
						<include content="WidgetListHomePoster">
							<param name="content_path" value="$INFO[Skin.String(MyMenu6Widgets.Path)]"/>
							<param name="widget_target" value="$INFO[Skin.String(MyMenu6Widgets.Target)]"/>
							<param name="sortby" value="title"/>
							<param name="sortorder" value=""/>
							<param name="list_id" value="11"/>
							<param name="fallback_icon" value="defaultfile.png"/>
							<param name="aligny" value="bottom"/>
							<param name="aspect" value="keep"/>
						</include>
					</control>
					<control type="label">
						<include>WidgetLabel</include>
						<label>$INFO[Skin.String(MyMenu6Widgets.Name)]</label>
					</control>
				</control>
				<!-- Meu Menu 7 -->
				<control type="group">
					<visible>String.IsEqual(Container(9001).ListItem.Property(id),MyMenu7)</visible>
					<include content="Visible_Bottom_Delayed">
						<param name="id" value="MyMenu7"/>
					</include>
					<control type="grouplist" id="5000">
						<!-- <onup>9000</onup> -->
						<ondown>12</ondown>
						<include content="WidgetListHomePoster">
							<param name="content_path" value="$INFO[Skin.String(MyMenu7Widgets.Path)]"/>
							<param name="widget_target" value="$INFO[Skin.String(MyMenu7Widgets.Target)]"/>
							<param name="sortby" value="title"/>
							<param name="sortorder" value=""/>
							<param name="list_id" value="11"/>
							<param name="fallback_icon" value="defaultfile.png"/>
							<param name="aligny" value="bottom"/>
							<param name="aspect" value="keep"/>
						</include>
					</control>
					<control type="label">
						<include>WidgetLabel</include>
						<label>$INFO[Skin.String(MyMenu7Widgets.Name)]</label>
					</control>
				</control>
				<!-- Meu Menu 8 -->
				<control type="group">
					<visible>String.IsEqual(Container(9001).ListItem.Property(id),MyMenu8)</visible>
					<include content="Visible_Bottom_Delayed">
						<param name="id" value="MyMenu8"/>
					</include>
					<control type="grouplist" id="5000">
						<!-- <onup>9000</onup> -->
						<ondown>12</ondown>
						<include content="WidgetListHomePoster">
							<param name="content_path" value="$INFO[Skin.String(MyMenu8Widgets.Path)]"/>
							<param name="widget_target" value="$INFO[Skin.String(MyMenu8Widgets.Target)]"/>
							<param name="sortby" value="title"/>
							<param name="sortorder" value=""/>
							<param name="list_id" value="11"/>
							<param name="fallback_icon" value="defaultfile.png"/>
							<param name="aligny" value="bottom"/>
							<param name="aspect" value="keep"/>
						</include>
					</control>
					<control type="label">
						<include>WidgetLabel</include>
						<label>$INFO[Skin.String(MyMenu8Widgets.Name)]</label>
					</control>
				</control>
				<!-- Meu Menu 9 -->
				<control type="group">
					<visible>String.IsEqual(Container(9001).ListItem.Property(id),MyMenu9)</visible>
					<include content="Visible_Bottom_Delayed">
						<param name="id" value="MyMenu9"/>
					</include>
					<control type="grouplist" id="5000">
						<!-- <onup>9000</onup> -->
						<ondown>12</ondown>
						<include content="WidgetListHomePoster">
							<param name="content_path" value="$INFO[Skin.String(MyMenu9Widgets.Path)]"/>
							<param name="widget_target" value="$INFO[Skin.String(MyMenu9Widgets.Target)]"/>
							<param name="sortby" value="title"/>
							<param name="sortorder" value=""/>
							<param name="list_id" value="11"/>
							<param name="fallback_icon" value="defaultfile.png"/>
							<param name="aligny" value="bottom"/>
							<param name="aspect" value="keep"/>
						</include>
					</control>
					<control type="label">
						<include>WidgetLabel</include>
						<label>$INFO[Skin.String(MyMenu9Widgets.Name)]</label>
					</control>
				</control>
				<!-- Meu Menu 10 -->
				<control type="group">
					<visible>String.IsEqual(Container(9001).ListItem.Property(id),MyMenu10)</visible>
					<include content="Visible_Bottom_Delayed">
						<param name="id" value="MyMenu10"/>
					</include>
					<control type="grouplist" id="5000">
						<!-- <onup>9000</onup> -->
						<ondown>12</ondown>
						<include content="WidgetListHomePoster">
							<param name="content_path" value="$INFO[Skin.String(MyMenu10Widgets.Path)]"/>
							<param name="widget_target" value="$INFO[Skin.String(MyMenu10Widgets.Target)]"/>
							<param name="sortby" value="title"/>
							<param name="sortorder" value=""/>
							<param name="list_id" value="11"/>
							<param name="fallback_icon" value="defaultfile.png"/>
							<param name="aligny" value="bottom"/>
							<param name="aspect" value="keep"/>
						</include>
					</control>
					<control type="label">
						<include>WidgetLabel</include>
						<label>$INFO[Skin.String(MyMenu10Widgets.Name)]</label>
					</control>
				</control>
			</control>
			<!-- -->
			<!-- -->
			<!-- -->
			<!-- Widgets do Topo Skin-Shortcuts -->
			<control type="group" id="2000">
				<include>Widget_Display_Top</include>
				<!-- Jogos ID 8000-->
				<control type="group">
					<visible>String.IsEqual(Container(9000).ListItem.Property(defaultID),games)</visible>
					<visible>!Control.HasFocus(9001)</visible>
					<include content="Visible_Bottom_Delayed">
						<param name="id" value="games"/>
					</include>
					<control type="grouplist" id="8000">
						<top>0</top>
						<!-- <onup>9000</onup> -->
						<ondown>12</ondown>
						<include content="WidgetListHomePoster">
							<param name="content_path" value="$INFO[ListItem.Property(widgetPath)]"/>
							<param name="widget_target" value="games"/>
							<param name="list_id" value="10"/>
							<param name="fallback_icon" value="DefaultGames.png"/>
							<param name="aligny" value="bottom"/>
							<param name="aspect" value="keep"/>
						</include>
					</control>
					<control type="grouplist">
						<left>-30</left>
						<top>940</top>
						<include content="WidgetListHomePoster">
							<param name="widget_header" value="$INFO[Skin.String(GamesWidgets.Name)]"/>
							<param name="list_id" value="10"/>
							<param name="visible" value="Control.HasFocus(10)"/>
						</include>
					</control>
				</control>
				<!-- Filmes -->
				<control type="group">
					<control type="group" id="1">
						<visible>String.IsEqual(Container(9000).ListItem.Property(defaultID),movies)</visible>
						<visible>!String.IsEmpty(ListItem.Property(widgetPath))</visible>
						<include content="Visible_Bottom_Delayed">
							<param name="id" value="movies"/>
						</include>
						<control type="grouplist" id="2">
							<ondown></ondown>
							<pagecontrol>4010</pagecontrol>
							<include content="WidgetListHomePoster">
								<param name="content_path" value="$INFO[ListItem.Property(widgetPath)]"/>
								<param name="widget_target" value="video"/>
								<param name="list_id" value="9400"/>
								<param name="fallback_icon" value="defaultmovies.png"/>
								<param name="visible" value="!String.IsEmpty(ListItem.Property(widgetPath))"/>
							</include>
						</control>
					</control>
				</control>
				<!-- Seriados -->
				<control type="group">
					<visible>String.IsEqual(Container(9000).ListItem.Property(defaultID),tvshows)</visible>
					<visible>!String.IsEmpty(ListItem.Property(widgetPath))</visible>
					<include content="Visible_Bottom_Delayed">
						<param name="id" value="tvshows"/>
					</include>
					<control type="grouplist" id="6000">
						<!-- <onup>9000</onup> -->
						<ondown>9000</ondown>
						<pagecontrol>4010</pagecontrol>
						<include content="WidgetListHomePoster">
							<param name="content_path" value="$INFO[ListItem.Property(widgetPath)]"/>
							<param name="widget_target" value="video"/>
							<param name="list_id" value="10"/>
							<param name="fallback_icon" value="defaulttvshows.png"/>
							<param name="aligny" value="bottom"/>
							<param name="aspect" value="keep"/>
						</include>
					</control>
				</control>
				<!-- Musicas -->
				<control type="group">
					<visible>String.IsEqual(Container(9000).ListItem.Property(defaultID),music)</visible>
					<visible>!String.IsEmpty(ListItem.Property(widgetPath))</visible>
					<include content="Visible_Bottom_Delayed">
						<param name="id" value="music"/>
					</include>
					<control type="grouplist" id="7000">
						<!-- <onup>9000</onup> -->
						<ondown></ondown>
						<pagecontrol>4010</pagecontrol>
						<include content="WidgetListHomePoster">
							<param name="content_path" value="$INFO[ListItem.Property(widgetPath)]"/>
							<param name="widget_target" value="music"/>
							<param name="list_id" value="10"/>
							<param name="fallback_icon" value="defaultmusic.png"/>
							<param name="aligny" value="bottom"/>
							<param name="aspect" value="keep"/>
							<param name="visible" value=""/>
						</include>
					</control>
				</control>
				<!-- Imagens -->
				<control type="group">
					<visible>String.IsEqual(Container(9000).ListItem.Property(defaultID),pictures)</visible>
					<visible>!String.IsEmpty(ListItem.Property(widgetPath))</visible>
					<include content="Visible_Bottom_Delayed">
						<param name="id" value="pictures"/>
					</include>
					<control type="grouplist" id="4000">
						<ondown></ondown>
						<pagecontrol>4010</pagecontrol>
						<include content="WidgetListHomePoster">
							<param name="content_path" value="$INFO[ListItem.Property(widgetPath)]"/>
							<param name="widget_target" value="pictures"/>
							<param name="list_id" value="10"/>
							<param name="fallback_icon" value="defaultpicture.png"/>
							<param name="aligny" value="bottom"/>
							<param name="aspect" value="keep"/>
						</include>
					</control>
				</control>
				<!-- Empty -->
				<control type="group">
					<visible>String.IsEqual(Container(9000).ListItem.Property(labelID),Empty)</visible>
					<include content="Visible_Bottom_Delayed">
						<param name="id" value="empty"/>
					</include>
					<control type="grouplist" id="5000">
						<top>0</top>
						<ondown></ondown>
						<pagecontrol>4010</pagecontrol>
						<include content="WidgetListHomePoster">
							<param name="content_path" value="$INFO[ListItem.Property(widgetPath)]"/>
							<param name="widget_target" value="video"/>
							<param name="list_id" value="10"/>
							<param name="fallback_icon" value="defaultpicture.png"/>
							<param name="aligny" value="bottom"/>
							<param name="aspect" value="keep"/>
						</include>
					</control>
				</control>
			</control>
		</control>
		<!-- Widgets de Fontes de Mídia -->
		<!-- <control type="group" id="2003">
	<animation type="Conditional" condition="Control.HasFocus(12)" reversible="true">
		<effect type="slide" start="0,0" end="0,-320" time="400" delay="300" tween="cubic" easing="out"/>
	</animation>
	<include>SourceWidgetsAnimations</include>
	<control type="image">
		<bottom>-320</bottom>
		<width>100%</width>
		<height>230</height>
		<texture colordiffuse="black">colors/black.png</texture>
	</control>
	<control type="list" id="12">
		<animation/>
		<bottom>-320</bottom>
		<left>0</left>
		<width>1920</width>
		<height>210</height>
		<onup>10</onup>
		<scrolltime>300</scrolltime>
		<focusposition>2</focusposition>
		<orientation>horizontal</orientation>
		<itemlayout width="384" height="149">
			<control type="image" id="20">
				<left>0</left>
				<top>0</top>
				<width>384</width>
				<height>149</height>
				<texture fallback="$PARAM[fallback_icon]">$VAR[PosterThumbVar]</texture>
				<aspectratio align="center" aligny="$PARAM[aligny]">keep</aspectratio>
				<bordersize>20</bordersize>
				<bordertexture border="50">overlays/shadow.png</bordertexture>
			</control>
			<control type="label">
				<left>0</left>
				<top>140</top>
				<width>384</width>
				<height>20</height>
				<label>$INFO[ListItem.Label]</label>
				<font>font10</font>
				<align>center</align>
			</control>
		</itemlayout>
		<focusedlayout width="384" height="149">
			<control type="group">
				<animation type="Focus">
					<effect type="zoom" start="100" end="120" time="300" tween="sine" easing="inout" center="200,70"/>
				</animation>
				<animation type="Unfocus">
					<effect type="zoom" start="120" end="100" time="300" tween="sine" easing="inout" center="200,70"/>
				</animation>
				<control type="image">
					<visible>Control.HasFocus(12)</visible>
					<left>50</left>
					<top>18</top>
					<width>285</width>
					<height>112</height>
					<texture>colors/white.png</texture>
				</control>
				<control type="image">
					<left>0</left>
					<top>0</top>
					<width>384</width>
					<height>149</height>
					<texture fallback="$PARAM[fallback_icon]">$VAR[PosterThumbVar]</texture>
					<aspectratio align="center" aligny="$PARAM[aligny]">keep</aspectratio>
					<bordersize>20</bordersize>
					<bordertexture border="50">overlays/shadow.png</bordertexture>
				</control>
			</control>
			<control type="label">
				<left>0</left>
				<top>140</top>
				<width>384</width>
				<height>20</height>
				<label>$INFO[ListItem.Label]</label>
				<font>font10</font>
				<align>center</align>
			</control>
		</focusedlayout>
		<content>
			<item>
				<label>Fontes de Video</label>
				<onclick>ActivateWindow(Videos,sources://video/)</onclick>
				<thumb>videosource.png</thumb>
			</item>
			<item>
				<label>Fontes de Jogos</label>
				<onclick>ActivateWindow(Games,sources://game/)</onclick>
				<thumb>gamesource.png</thumb>
			</item>
			<item>
				<label>Fontes de Musicas</label>
				<onclick>ActivateWindow(Music,sources://music/)</onclick>
				<thumb>musicsource.png</thumb>
			</item>
			<item>
				<label>Fontes de Imagens</label>
				<onclick>ActivateWindow(pictures,sources://image/)</onclick>
				<thumb>imagesource.png</thumb>
			</item>
			<item>
				<label>Gestor de Arquivos</label>
				<onclick>ActivateWindow(10003)</onclick>
				<thumb>filessource.png</thumb>
			</item>
		</content>
	</control>
</control> -->
		<!-- Widgets de Fonte de TV/Radio -->
		<!-- <control type="group">
			<animation type="Conditional" condition="Control.HasFocus(13)">
				<effect type="slide" start="0,0" end="0,-320" time="400" delay="300" tween="cubic" easing="out"/>
			</animation>
			<control type="image">
				<bottom>-320</bottom>
				<width>100%</width>
				<height>230</height>
				<texture colordiffuse="black">colors/black.png</texture>
			</control>
			<control type="list" id="13">
				<animation/>
				<bottom>-320</bottom>
				<left>0</left>
				<width>1920</width>
				<height>210</height>
				<onup>9000</onup>
				<scrolltime>300</scrolltime>
				<focusposition>2</focusposition>
				<orientation>horizontal</orientation>
				<itemlayout width="384" height="149">
					<control type="image" id="20">
						<left>0</left>
						<top>0</top>
						<width>384</width>
						<height>149</height>
						<texture>$VAR[PosterThumbVar]</texture>
						<aspectratio align="center" aligny="$PARAM[aligny]">keep</aspectratio>
						<bordersize>20</bordersize>
						<bordertexture border="50">overlays/shadow.png</bordertexture>
					</control>
					<control type="label">
						<left>0</left>
						<top>140</top>
						<width>384</width>
						<height>20</height>
						<label>$INFO[ListItem.Label]</label>
						<font>font10</font>
						<align>center</align>
					</control>
				</itemlayout>
				<focusedlayout width="384" height="149">
					<control type="group">
						<animation type="Focus">
							<effect type="zoom" start="100" end="120" time="300" tween="sine" easing="inout" center="200,70"/>
						</animation>
						<animation type="Unfocus">
							<effect type="zoom" start="120" end="100" time="300" tween="sine" easing="inout" center="200,70"/>
						</animation>
						<control type="image">
							<visible>Control.HasFocus(13)</visible>
							<left>50</left>
							<top>18</top>
							<width>285</width>
							<height>112</height>
							<texture>colors/white.png</texture>
						</control>
						<control type="image">
							<left>0</left>
							<top>0</top>
							<width>384</width>
							<height>149</height>
							<texture fallback="$PARAM[fallback_icon]">$VAR[PosterThumbVar]</texture>
							<aspectratio align="center" aligny="$PARAM[aligny]">keep</aspectratio>
							<bordersize>20</bordersize>
							<bordertexture border="50">overlays/shadow.png</bordertexture>
						</control>
					</control>
					<control type="label">
						<left>0</left>
						<top>140</top>
						<width>384</width>
						<height>20</height>
						<label>$INFO[ListItem.Label]</label>
						<font>font10</font>
						<align>center</align>
					</control>
				</focusedlayout>
				<include>PVRSubMenuContent</include>
			</control>
		</control> -->
	</include>
</includes>
