<?xml version="1.0" encoding="UTF-8"?>
<includes>
	<!-- Girls Database -->
	<variable name="picposter">
		<!-- Modelos -->
		<value condition="String.Contains(ListItem.Label,Asiedora)">Y:\Artwork\_Newsstand Paths\Models\flyers\Asiedora.jpg</value>
		<value condition="String.Contains(ListItem.Label,Aliza Haze)">Y:\Artwork\_Newsstand Paths\Models\flyers\Aliza Haze.jpg</value>
		<value condition="String.Contains(ListItem.Label,Anja Amelia)">Y:\Artwork\_Newsstand Paths\Models\flyers\Anja Amelia.jpg</value>
		<value condition="String.Contains(ListItem.Label,Azumi Takayama)">Y:\Artwork\_Newsstand Paths\Models\flyers\Azumi Takayama.jpg</value>
		<value condition="String.Contains(ListItem.Label,Bu Wa Wa)">Y:\Artwork\_Newsstand Paths\Models\flyers\Bu Wa Wa.jpg</value>
		<value condition="String.Contains(ListItem.Label,Diana Eisley)">Y:\Artwork\_Newsstand Paths\Models\flyers\Diana Eisley.jpg</value>
		<value condition="String.Contains(ListItem.Label,Elizabeth)">Y:\Artwork\_Newsstand Paths\Models\flyers\Elizabeth.jpg</value>
		<value condition="String.Contains(ListItem.Label,Eshe Ikandi)">Y:\Artwork\_Newsstand Paths\Models\flyers\Eshe Ikandi.jpg</value>
		<value condition="String.Contains(ListItem.Label,Hannah Hays)">Y:\Artwork\_Newsstand Paths\Models\flyers\Hannah Hays.jpg</value>
		<value condition="String.Contains(ListItem.Label,Haruka Nanao)">Y:\Artwork\_Newsstand Paths\Models\flyers\Haruka Nanao.jpg</value>
		<value condition="String.Contains(ListItem.Label,Ichika Ayamori)">Y:\Artwork\_Newsstand Paths\Models\flyers\Ichika Ayamori.jpg</value>
		<value condition="String.Contains(ListItem.Label,Jasmine Vega)">Y:\Artwork\_Newsstand Paths\Models\flyers\Jasmine Vega.jpg</value>
		<value condition="String.Contains(ListItem.Label,Jelena Jasper)">Y:\Artwork\_Newsstand Paths\Models\flyers\Jelena Jasper.jpg</value>
		<value condition="String.Contains(ListItem.Label,Lang Yu)">Y:\Artwork\_Newsstand Paths\Models\flyers\Lang Yu.jpg</value>
		<value condition="String.Contains(ListItem.Label,Leah Wilde)">Y:\Artwork\_Newsstand Paths\Models\flyers\Leah Wilde.jpg</value>
		<value condition="String.Contains(ListItem.Label,Li Jiao)">Y:\Artwork\_Newsstand Paths\Models\flyers\Li Jiao.jpg</value>
		<value condition="String.Contains(ListItem.Label,Layza)">Y:\Artwork\_Newsstand Paths\Models\flyers\Layza.jpg</value>
		<value condition="String.Contains(ListItem.Label,Layla Rose)">Y:\Artwork\_Newsstand Paths\Models\flyers\Layla Rose.jpg</value>
		<value condition="String.Contains(ListItem.Label,Lyra Lockhart)">Y:\Artwork\_Newsstand Paths\Models\flyers\Lyra Lockhart.jpg</value>
		<value condition="String.Contains(ListItem.Label,Kim Velez)">Y:\Artwork\_Newsstand Paths\Models\flyers\Kim Velez.jpg</value>
		<value condition="String.Contains(ListItem.Label,Kacey Parker)">Y:\Artwork\_Newsstand Paths\Models\flyers\Kacey Parker.jpg</value>
		<value condition="String.Contains(ListItem.Label,Kacy Lane)">Y:\Artwork\_Newsstand Paths\Models\flyers\Sanija-Kacy Lane.jpg</value>
		<value condition="String.Contains(ListItem.Label,Masako Natsume)">Y:\Artwork\_Newsstand Paths\Models\flyers\Masako Natsume.jpg</value>
		<value condition="String.Contains(ListItem.Label,Meow 34JJ)">Y:\Artwork\_Newsstand Paths\Models\flyers\Meow 34JJ.jpg</value>
		<value condition="String.Contains(ListItem.Label,Mi Ha Doan)">Y:\Artwork\_Newsstand Paths\Models\flyers\Mi Ha Doan.jpg</value>
		<value condition="String.Contains(ListItem.Label,Natali Fiore)">Y:\Artwork\_Newsstand Paths\Models\flyers\Natali Fiore.jpg</value>
		<value condition="String.Contains(ListItem.Label,PanPan)">Y:\Artwork\_Newsstand Paths\Models\flyers\PanPan.jpg</value>
		<value condition="String.Contains(ListItem.Label,Paula Martini)">Y:\Artwork\_Newsstand Paths\Models\flyers\Paula Martini.jpg</value>		
		<value condition="String.Contains(ListItem.Label,Sanija)">Y:\Artwork\_Newsstand Paths\Models\flyers\Sanija-Kacy Lane.jpg</value>
		<value condition="String.Contains(ListItem.Label,Sarah Jane)">Y:\Artwork\_Newsstand Paths\Models\flyers\Sarah Jane.jpg</value>
		<value condition="String.Contains(ListItem.Label,Tuna Kimura)">Y:\Artwork\_Newsstand Paths\Models\flyers\Tuna Kimura.jpg</value>
		<value condition="String.Contains(ListItem.Label,Thumbelina)">Y:\Artwork\_Newsstand Paths\Models\flyers\Thumbelina.jpg</value>
		<value condition="String.Contains(ListItem.Label,Victoria Matosa)">Y:\Artwork\_Newsstand Paths\Models\flyers\Victoria Matosa.jpg</value>
		<value condition="String.Contains(ListItem.Label,Ying Mu)">Y:\Artwork\_Newsstand Paths\Models\flyers\Ying Mu.jpg</value>
		<value condition="String.Contains(ListItem.Label,Zhang Xiao Yu)">Y:\Artwork\_Newsstand Paths\Models\flyers\Zhang Xiao Yu.jpg</value>
		
		<!-- Boobs Size -->
		<value condition="String.Contains(ListItem.Label,Flat Chest)">Y:\Girls Database\Boobs\FlatChest.jpg</value>
		<value condition="String.Contains(ListItem.Label,Small Boobs)">Y:\Girls Database\Boobs\SmallBoobs.jpg</value>
		<value condition="String.Contains(ListItem.Label,Medium Boobs)">Y:\Girls Database\Boobs\MediumBoobs.jpg</value>
		<value condition="String.Contains(ListItem.Label,Big Boobs)">Y:\Girls Database\Boobs\BigBoobs.jpg</value>
		<value condition="String.Contains(ListItem.Label,Large Boobs)">Y:\Girls Database\Boobs\LargeBoobs.jpg</value>
		<value condition="String.Contains(ListItem.Label,Huge Boobs)">Y:\Girls Database\Boobs\HugeBoobs.jpg</value>
		
		<!-- Age -->
		<value condition="String.Contains(ListItem.Label,Teen)">Y:\Girls Database\Age\Teen.jpg</value>
		
		<!-- Ethnicity -->
		<value condition="String.Contains(ListItem.Label,Asian)">Y:\Girls Database\Ethnicity\Asian.jpg</value>
		
		<!-- Body -->
		<value condition="String.Contains(ListItem.Label,BBW)">Y:\Girls Database\Body\BBW.jpg</value>
		<value condition="String.Contains(ListItem.Label,Skinny)">Y:\Girls Database\Body\Skinny.jpg</value>
		
		<!-- Skin -->
		<value condition="String.Contains(ListItem.Label,Pale Skin)">Y:\Girls Database\Skin\PaleSkin.jpg</value>
		
		<!-- Hair -->
		<value condition="String.Contains(ListItem.Label,Blonde)">Y:\Girls Database\Hair\Blonde.jpg</value>
		<value condition="String.Contains(ListItem.Label,Brunette)">Y:\Girls Database\Hair\Brunette.jpg</value>
		<value condition="String.Contains(ListItem.Label,Redhead)">Y:\Girls Database\Hair\RedHead.jpg</value>
		
		<!-- Pussy Style -->
		<value condition="String.Contains(ListItem.Label,Big Pussy)">Y:\Girls Database\Pussy\BigPussy.jpg</value>
		<value condition="String.Contains(ListItem.Label,Coin Slot)">Y:\Girls Database\Pussy\CoinSlotPussy.jpg</value>
		<value condition="String.Contains(ListItem.Label,Trimmed Pussy)">Y:\Girls Database\Pussy\TrimmedPussy.jpg</value>
		<value condition="String.Contains(ListItem.Label,Hairy Pussy)">Y:\Girls Database\Pussy\HairyPussy.jpg</value>
		<value condition="String.Contains(ListItem.Label,Smooth Shaved Pussy)">Y:\Girls Database\Pussy\SmoothShavedPussy.jpg</value>
		<value condition="String.Contains(ListItem.Label,Shaved Pussy)">Y:\Girls Database\Pussy\ShavedPussy.jpg</value>
		<value condition="String.Contains(ListItem.Label,Tight Pussy)">Y:\Girls Database\Pussy\TightPussy.jpg</value>
		
		<!-- Revistas -->
		<value condition="String.Contains(ListItem.Label,ATKingdom)">Y:\Girls Database\Magazines\ATKingdom.jpg</value>
		<value condition="String.Contains(ListItem.Label,All Gravure)">Y:\Girls Database\Magazines\AllGravure.jpg</value>
		<value condition="String.Contains(ListItem.Label,AmourAngels)">Y:\Girls Database\Magazines\AmourAngels.jpg</value>
		<value condition="String.Contains(ListItem.Label,DomingoView)">Y:\Girls Database\Magazines\DomingoView.jpg</value>
		<value condition="String.Contains(ListItem.Label,BigTitsGlamour)">Y:\Girls Database\Magazines\BigTitsGlamour.jpg</value>
		<value condition="String.Contains(ListItem.Label,Litu100)">Y:\Girls Database\Magazines\Litu100.jpg</value>
		<value condition="String.Contains(ListItem.Label,MetArt)">Y:\Girls Database\Magazines\MetArt.jpg</value>
		<value condition="String.Contains(ListItem.Label,MetCN)">Y:\Girls Database\Magazines\MetCN.jpg</value>
		<value condition="String.Contains(ListItem.Label,Scoreland)">Y:\Girls Database\Magazines\Scoreland.jpg</value>
		<value condition="String.Contains(ListItem.Label,XLGirls)">Y:\Girls Database\Magazines\XLGirls.jpg</value>
		
		<!-- <value condition="String.IsEqual(listitem.dbtype,genre) + System.AddonIsEnabled(resource.images.moviegenreicons.transparent)">$INFO[ListItem.Label,resource://resource.images.moviegenreicons.transparent/,.png]</value>
		<value condition="String.IsEqual(listitem.dbtype,studio) + System.AddonIsEnabled(resource.images.studios.white)">$INFO[ListItem.Label,resource://resource.images.studios.white/,.png]</value>
		<value condition="!String.IsEmpty(Listitem.Art(poster)) + ![Container.Content(musicvideos) + !Skin.HasSetting(show_musicvideoposter)]">$INFO[Listitem.Art(poster)]</value>

		<value condition="!String.IsEmpty(ListItem.Thumb)">$INFO[ListItem.Thumb]</value>
		<value condition="String.IsEmpty(ListItem.Thumb)">$INFO[ListItem.Icon]</value> -->
	</variable>
	<variable name="pichomelogo">
		
		<!-- Models Logo -->
		<value condition="String.Contains(ListItem.Label,Asiedora)">Y:\Girls Database\Logos\Asiedora.png</value>
		<value condition="String.Contains(ListItem.Label,Anja Amelia)">Y:\Girls Database\Logos\Anja Amelia.png</value>
		<value condition="String.Contains(ListItem.Label,Anja Asiedora)">Y:\Girls Database\Logos\Asiedora.png</value>
		<value condition="String.Contains(ListItem.Label,Bu Wa Wa)">Y:\Girls Database\Logos\Bu Wa Wa.png</value>
		<value condition="String.Contains(ListItem.Label,Diana Eisley)">Y:\Girls Database\Logos\Diana Eisley.png</value>
		<value condition="String.Contains(ListItem.Label,Elizabeth)">Y:\Girls Database\Logos\Elizabeth.png</value>
		<value condition="String.Contains(ListItem.Label,Eshe Ikandi)">Y:\Girls Database\Logos\Eshe Ikandi.png</value>
		<value condition="String.Contains(ListItem.Label,Hannah Hays)">Y:\Girls Database\Logos\Hannah Hays.png</value>
		<value condition="String.Contains(ListItem.Label,Haruka Nanao)">Y:\Girls Database\Logos\Haruka Nanao.png</value>
		<value condition="String.Contains(ListItem.Label,Kacy Lane)">Y:\Girls Database\Logos\Kacy Lane.png</value>
		<value condition="String.Contains(ListItem.Label,Layza)">Y:\Girls Database\Logos\Layza.png</value>
		<value condition="String.Contains(ListItem.Label,Ichika Ayamori)">Y:\Girls Database\Logos\Ichika Ayamori.png</value>
		<value condition="String.Contains(ListItem.Label,Jasmine Vega)">Y:\Girls Database\Logos\Jasmine Vega.png</value>
		<value condition="String.Contains(ListItem.Label,Jelena Jasper)">Y:\Girls Database\Logos\Jelena Jasper.png</value>
		<value condition="String.Contains(ListItem.Label,Lang yu)">Y:\Girls Database\Logos\Lang Yu.png</value>
		<value condition="String.Contains(ListItem.Label,Li Jiao)">Y:\Girls Database\Logos\Li Jiao.png</value>
		<value condition="String.Contains(ListItem.Label,Leah Wilde)">Y:\Girls Database\Logos\Leah Wilde.png</value>
		<value condition="String.Contains(ListItem.Label,Lyra Lockhart)">Y:\Girls Database\Logos\Lyra Lockhart.png</value>
		<value condition="String.Contains(ListItem.Label,Kim Velez)">Y:\Girls Database\Logos\Kim Velez.png</value>
		<value condition="String.Contains(ListItem.Label,Masako Natsume)">Y:\Girls Database\Logos\Masako Natsume.png</value>
		<value condition="String.Contains(ListItem.Label,Meow 34JJ)">Y:\Girls Database\Logos\Meow 34JJ.png</value>
		<value condition="String.Contains(ListItem.Label,PanPan)">Y:\Girls Database\Logos\PanPan.png</value>
		<value condition="String.Contains(ListItem.Label,Sarah Jane)">Y:\Girls Database\Logos\Sarah Jane.png</value>
		<value condition="String.Contains(ListItem.Label,Sanija)">Y:\Girls Database\Logos\Sanija.png</value>
		<value condition="String.Contains(ListItem.Label,Thumbelina)">Y:\Girls Database\Logos\Thumbelina.png</value>
		<value condition="String.Contains(ListItem.Label,Victoria)">Y:\Girls Database\Logos\Victoria Matosa.png</value>
		<value condition="String.Contains(ListItem.Label,Ying Mu)">Y:\Girls Database\Logos\Ying Mu.png</value>
		<value condition="String.Contains(ListItem.Label,Zhang Xiao Yu)">Y:\Girls Database\Logos\Zhang Xiao Yu.png</value>
		
		<!-- Site Logo -->
		<value condition="String.Contains(ListItem.Label,ATKingdom)">Y:\Girls Database\Logos\ATKingdom.png</value>
		<value condition="String.Contains(ListItem.Label,AllGravure)">Y:\Girls Database\Logos\AllGravure.png</value>
		<value condition="String.Contains(ListItem.Label,AmourAngels)">Y:\Girls Database\Logos\AmourAngels.png</value>
		<value condition="String.Contains(ListItem.Label,BigTitsGlamour)">Y:\Girls Database\Logos\BigTitsGlamour.png</value>
		<value condition="String.Contains(ListItem.Label,DomingoView)">Y:\Girls Database\Logos\DomingoView.png</value>
		<value condition="String.Contains(ListItem.Label,Litu100)">Y:\Girls Database\Logos\Litu100.png</value>
		<value condition="String.Contains(ListItem.Label,MetArt)">Y:\Girls Database\Logos\MetArt.png</value>
		<value condition="String.Contains(ListItem.Label,MetCN)">Y:\Girls Database\Logos\MetCN.png</value>
		<value condition="String.Contains(ListItem.Label,Scoreland)">Y:\Girls Database\Logos\Scoreland.png</value>
		<value condition="String.Contains(ListItem.Label,XLGirls)">Y:\Girls Database\Logos\XLGirls.png</value>
		
		<value>$INFO[ListItem.FolderPath,,logo.png]</value>
	</variable>
	
	<variable name="pichomelabel">
		<value condition="String.Contains(ListItem.Label,Eshe)">Eshe is an adult model who has appeared at BigTitsGlamour.
Performances: Solo And Masturbation</value>
		<value condition="String.Contains(ListItem.Label,Hannah Hays)">Skinny, Flat Chest, Big Tight Pussy.</value>
		<value condition="String.Contains(ListItem.Label,Lyra Lockhart)">Lyra Lockhart talks about herself as she undresses to show off her sexy body. She exposes her tight little pussy for all. Brought to you by Flowers.</value>
		<value condition="String.Contains(ListItem.Label,All Gravure)">The most beautiful gravure models are all found here in one site. These sexy Japanese idols have a certain allure to them that makes them intoxicating.</value>
	</variable>
	
	<variable name="PicturesFanart">
		
		<value condition="String.Contains(ListItem.Label,Asiedora)">Y:\Girls Database\Fanarts\Asiedora.jpg</value>
		<value condition="String.Contains(ListItem.Label,BigTitsGlamour)">Y:\Girls Database\Fanarts\BigTitsGlamour.jpg</value>
		<value condition="String.Contains(ListItem.Label,Bu Wa Wa)">Y:\Girls Database\Fanarts\Bu Wa Wa.jpg</value>
		<value condition="String.Contains(ListItem.Label,Diana Eisley)">Y:\Girls Database\Fanarts\Diana Eisley.jpg</value>
		<value condition="String.Contains(ListItem.Label,Elizabeth)">Y:\Girls Database\Fanarts\Elizabeth.jpg</value>
		<value condition="String.Contains(ListItem.Label,Eshe Ikandi)">Y:\Girls Database\Fanarts\Eshe Ikandi.jpg</value>
		<value condition="String.Contains(ListItem.Label,Hannah Hays)">Y:\Girls Database\Fanarts\Hannah Hays.jpg</value>
		<value condition="String.Contains(ListItem.Label,Jasmine Vega)">Y:\Girls Database\Fanarts\Jasmine Vega.jpg</value>
		<value condition="String.Contains(ListItem.Label,Jelena Jasper)">Y:\Girls Database\Fanarts\Jelena Jasper.jpg</value>
		<value condition="String.Contains(ListItem.Label,Kim Velez)">Y:\Girls Database\Fanarts\Kim Velez.jpg</value>
		<value condition="String.Contains(ListItem.Label,Kacy Lane)">Y:\Girls Database\Fanarts\Sanija-Kacy Lane.jpg</value>
		<value condition="String.Contains(ListItem.Label,Layza)">Y:\Girls Database\Fanarts\Layza.jpg</value>
		<value condition="String.Contains(ListItem.Label,Lang Yu)">Y:\Girls Database\Fanarts\Lang Yu.jpg</value>
		<value condition="String.Contains(ListItem.Label,Li Jiao)">Y:\Girls Database\Fanarts\Li Jiao.jpg</value>
		<value condition="String.Contains(ListItem.Label,Little Asians)">Y:\Girls Database\Fanarts\Little Asians.jpg</value>
		<value condition="String.Contains(ListItem.Label,Lyra Lockhart)">Y:\Girls Database\Fanarts\Lyra Lockhart.jpg</value>
		<value condition="String.Contains(ListItem.Label,Meow34JJ)">Y:\Girls Database\Fanarts\Meow 34JJ.jpg</value>
		<value condition="String.Contains(ListItem.Label,Minimum-av)">Y:\Girls Database\Fanarts\Minimum-av.jpg</value>
		<value condition="String.Contains(ListItem.Label,Sanija)">Y:\Girls Database\Fanarts\Sanija-Kacy Lane.jpg</value>
		<value condition="String.Contains(ListItem.Label,Sarah Jane)">Y:\Girls Database\Fanarts\Sarah Jane.jpg</value>
		<value condition="String.Contains(ListItem.Label,Thumbelina)">Y:\Girls Database\Fanarts\Thumbelina.jpg</value>
		<value condition="String.Contains(ListItem.Label,Ying Mu)">Y:\Girls Database\Fanarts\Ying Mu.jpg</value>
		<value condition="String.Contains(ListItem.Label,Zhang Xiao Yu)">Y:\Girls Database\Fanarts\Zhang Xiao Yu.jpg</value>
		<!-- Site -->
		<value condition="String.Contains(ListItem.Label,ATKingdom)">Y:\Girls Database\Fanarts\ATKingdom.jpg</value>
		<value condition="String.Contains(ListItem.Label,AllGravure)">Y:\Girls Database\Fanarts\AllGravure.jpg</value>
		<value condition="String.Contains(ListItem.Label,AmourAngels)">Y:\Girls Database\Fanarts\AmourAngels.jpg</value>
		<value condition="String.Contains(ListItem.Label,BigTitsGlamour)">Y:\Girls Database\Fanarts\BigTitsGlamour.jpg</value>
		<value condition="String.Contains(ListItem.Label,DomingoView)">Y:\Girls Database\Fanarts\DomingoView.jpg</value>
		<value condition="String.Contains(ListItem.Label,Litu100)">Y:\Girls Database\Fanarts\Litu100.jpg</value>
		<value condition="String.Contains(ListItem.Label,Scoreland)">Y:\Girls Database\Fanarts\Scoreland.jpg</value>
		<value condition="String.Contains(ListItem.Label,MetArt)">Y:\Girls Database\Fanarts\MetArt.jpg</value>
		<value condition="String.Contains(ListItem.Label,MetCN)">Y:\Girls Database\Fanarts\MetCN.jpg</value>
		<value condition="String.Contains(ListItem.Label,XLGirls)">Y:\Girls Database\Fanarts\XLGirls.jpg</value>
		<value>$INFO[ListItem.FolderPath]fanart.jpg</value>
	</variable>
</includes>