<?xml version="1.0" encoding="utf-8"?>
<window>
	<defaultcontrol>9000</defaultcontrol>
	<backgroundcolor>background</backgroundcolor>
	<onload condition="!System.HasAddon(script.cu.lrclyrics)">InstallAddon(script.cu.lrclyrics)</onload>
	<controls>
		<control type="button" id="9000">
			<include>HiddenObject</include>
			<animation effect="fade" time="300" start="100" end="0">Focus</animation>
			<onclick>ActivateWindow(10120)</onclick>
		</control>
		<!-- Fanart -->
		<include>DefaultBackground</include>
		<control type="multiimage">
			<visible>!Skin.HasSetting(no_fanart)</visible>
			<include>FullScreenDimensions</include>
			<aspectratio>scale</aspectratio>
			<fadetime>400</fadetime>
			<animation effect="fade" time="400">VisibleChange</animation>
			<imagepath colordiffuse="FF878787">$INFO[skin.string(MusicArtsPath)]$INFO[MusicPlayer.Artist,,/extrafanart/]</imagepath>
		</control>
		<include>LyricsDefault</include>
		<control type="group">
			<animation type="Conditional" condition="[Player.ShowInfo | Window.IsActive(musicosd)] + !MusicPlayer.Content(livetv)">
				<effect type="slide" start="0,120" end="0,0" time="200" easing="inout"/>
			</animation>
			<height>430</height>
			<include>OpenClose_Left</include>
			<include>Visible_Left</include>
			<bottom>-30</bottom>
			<control type="image">
				<left>0</left>
				<width>120%</width>
				<height>280</height>
				<texture colordiffuse="AA000000">dialogs/dialog-bg-nobo.png</texture>
			</control>
			
			<control type="image">
				<left>25</left>
				<top>-335</top>
				<include>Visible_Left</include>
				<width>390</width>
				<height>390</height>
				<fadetime>400</fadetime>
				<texture>$INFO[Player.Folderpath]discart.png</texture>
				<!-- <texture>$INFO[Window(home).Property(SkinHelper.Player.Art.DiscArt)]</texture> -->
				<aspectratio aligny="bottom">keep</aspectratio>
				<animation effect="rotate" end="-360" center="auto" time="5000" loop="true" reversible="true" condition="!Player.Paused">Conditional</animation>
			</control>
			
			<control type="image">
				<left>20</left>
				<top>-140</top>
				<include>Visible_Left</include>
				<width>400</width>
				<height>400</height>
				<fadetime>400</fadetime>
				<aspectratio aligny="bottom">keep</aspectratio>
				<texture fallback="DefaultAlbumCover.png" border="2">$INFO[MusicPlayer.Cover]</texture>
				<bordertexture colordiffuse="border_alpha">colors/black.png</bordertexture>
				<bordersize>4</bordersize>
			</control>
			<control type="group">
				<include>Visible_Left</include>
				<left>440</left>
				<top>10</top>
				<control type="image">
					<right>20</right>
					<top>-10</top>
					<include>Visible_Left</include>
					<width>400</width>
					<height>155</height>
					<fadetime>400</fadetime>
					<aspectratio aligny="bottom">keep</aspectratio>
					<!-- <texture>$INFO[skin.string(MusicArtsPath)]$INFO[MusicPlayer.Artist]\clearlogo.png</texture> -->
					<texture>$INFO[Window(home).Property(SkinHelper.Player.Art.ClearLogo)]</texture>
					<bordersize>4</bordersize>
				</control>
				<!-- <control type="image" id="9001">
					<left>-10</left>
					<top>-90</top>
					<include>Visible_Left</include>
					<width>400</width>
					<height>155</height>
					<fadetime>400</fadetime>
					<aspectratio alignx="left" aligny="top">keep</aspectratio>
					<texture>$INFO[skin.string(MusicArtsPath)]$INFO[MusicPlayer.Artist]\clearlogo.png</texture>
					<bordersize>4</bordersize>
				</control> -->
				<control type="label">
					<visible>String.IsEmpty(Control.GetLabel(9001))</visible>
					<top>0</top>
					<width>1450</width>
					<height>50</height>
					<aligny>center</aligny>
					<label>[COLOR button_focus]$INFO[MusicPlayer.Artist][/COLOR]</label>
					<font>font_MainMenu</font>
					<shadowcolor>black</shadowcolor>
					<scroll>true</scroll>
				</control>
				<control type="label">
					<top>65</top>
					<width>1450</width>
					<height>50</height>
					<aligny>center</aligny>
					<label>[B]$INFO[MusicPlayer.TrackNumber,,. ]$INFO[Player.Title][/B]</label>
					<font>font45</font>
					<shadowcolor>black</shadowcolor>
					<scroll>true</scroll>
				</control>
				<control type="grouplist">
					<top>120</top>
					<width>1450</width>
					<height>40</height>
					<align>left</align>
					<orientation>horizontal</orientation>
					<itemgap>20</itemgap>
					<control type="label">
						<width>90</width>
						<height>40</height>
						<label>$INFO[MusicPlayer.Year]</label>
						<font>font37</font>
						<shadowcolor>black</shadowcolor>
						<aligny>center</aligny>
						<align>left</align>
						<visible>!String.IsEmpty(MusicPlayer.Year)</visible>
					</control>
					<control type="label">
						<width min="0" max="1130">auto</width>
						<height>40</height>
						<label>$INFO[MusicPlayer.Genre]</label>
						<font>font37</font>
						<shadowcolor>black</shadowcolor>
						<aligny>center</aligny>
						<align>left</align>
						<scroll>true</scroll>
						<visible>!String.IsEmpty(MusicPlayer.Genre)</visible>
					</control>
					<control type="image">
						<width>190</width>
						<height>40</height>
						<texture fallback="flags/starrating/0.png">$INFO[MusicPlayer.UserRating,flags/starrating/,.png]</texture>
						<aspectratio>keep</aspectratio>
						<aligny>center</aligny>
						<align>left</align>
					</control>
				</control>
				<control type="label">
					<top>165</top>
					<width>1450</width>
					<height>40</height>
					<aligny>center</aligny>
					<label>$INFO[MusicPlayer.Album]$VAR[MultiDiscVar]</label>
					<font>font37</font>
					<shadowcolor>black</shadowcolor>
					<scroll>true</scroll>
				</control>
				<control type="label">
					<visible>!Window.IsActive(musicosd)</visible>
					<top>210</top>
					<width>1450</width>
					<height>40</height>
					<aligny>center</aligny>
					<label>$VAR[OSDNextLabelVar]</label>
					<shadowcolor>black</shadowcolor>
					<scroll>true</scroll>
				</control>
			</control>
		</control>
		<control type="image">
			<bottom>20</bottom>
			<left>20</left>
			<width>512</width>
			<height>512</height>
			<texture>Y:\Girls\Scoreland\icn.jpg</texture>
		</control>
	</controls>
</window>
