<?xml version="1.0" encoding="utf-8"?>
<window>
	<defaultcontrol>9000</defaultcontrol>
	<backgroundcolor>background</backgroundcolor>
	<onload condition="!System.HasAddon(script.cu.lrclyrics)">InstallAddon(script.cu.lrclyrics)</onload>
	<controls>
		<control type="button" id="9000">
			<include>HiddenObject</include>
			<animation effect="fade" time="300" start="100" end="0">Focus</animation>
			<onclick>ActivateWindow(10120)</onclick>
		</control>
		<!-- Fanart -->
		<include>DefaultBackground</include>
		<control type="multiimage">
			<visible>!Skin.HasSetting(no_fanart)</visible>
			<include>FullScreenDimensions</include>
			<aspectratio>scale</aspectratio>
			<fadetime>400</fadetime>
			<animation effect="fade" time="400">VisibleChange</animation>
			<imagepath colordiffuse="FF878787">$INFO[skin.string(MusicArtsPath)]$INFO[MusicPlayer.Artist,,/extrafanart/]</imagepath>
		</control>
		
		<control type="group">
			<animation type="Conditional" condition="Window.IsActive(musicosd)">
				<effect type="slide" start="0,0" end="0,-120" time="200" tween="cubic" easing="inout"/>
			</animation>
			<include>LyricsDefault</include>
			<include>OpenClose_Down</include>
			<include>Visible_Left</include>
			<bottom>25</bottom>
			<height>450</height>
			<control type="image">
				<top>150</top>
				<left>0</left>
				<width>120%</width>
				<height>450</height>
				<texture colordiffuse="AA000000">dialogs/dialog-bg-nobo.png</texture>
			</control>
			<control type="image">
				<left>250</left>
				<top>15</top>
				<width>420</width>
				<height>420</height>
				<fadetime>400</fadetime>
				<aspectratio aligny="bottom">keep</aspectratio>
				<texture>$INFO[Player.Folderpath]discart.png</texture>
				<animation effect="rotate" end="-360" center="auto" time="5000" loop="true" reversible="false" condition="!Player.Paused">Conditional</animation>
			</control>
			<control type="image">
				<top>15</top>
				<left>115</left>
				<width>420</width>
				<height>420</height>
				<texture>$INFO[MusicPlayer.Cover]</texture>
			</control>
			<control type="image" id="49953">
				<visible>String.IsEmpty(Control.GetLabel(49954))</visible>
				<visible/>
				<top>-5</top>
				<right>115</right>
				<width>400</width>
				<height>155</height>
				<texture>$INFO[Window(home).Property(SkinHelper.Player.Art.ClearLogo)]</texture>
			</control>
			<control type="image" id="49954">
				<visible/>
				<top>-5</top>
				<right>115</right>
				<width>400</width>
				<height>155</height>
				<texture>$INFO[Skin.String(MusicArtsPath)]$INFO[MusicPlayer.Artist]\clearlogo.png</texture>
			</control>
			<control type="group">
				<left>440</left>
				<top>100</top>
				<control type="label">
					<visible>String.IsEmpty(Control.GetLabel(49953))</visible>
					<visible>String.IsEmpty(Control.GetLabel(49954))</visible>
					<top>-30</top>
					<right>115</right>
					<width>1450</width>
					<height>50</height>
					<aligny>center</aligny>
					<align>right</align>
					<label>$INFO[MusicPlayer.Artist]</label>
					<font>font45</font>
					<shadowcolor>black</shadowcolor>
					<scroll>true</scroll>
				</control>
				<control type="label">
					<right>115</right>
					<top>65</top>
					<width>1100</width>
					<height>50</height>
					<aligny>center</aligny>
					<align>right</align>
					<label>[B]$INFO[MusicPlayer.TrackNumber,,. ]$INFO[Player.Title][/B]</label>
					<font>font45</font>
					<shadowcolor>black</shadowcolor>
					<scroll>true</scroll>
				</control>
				<control type="grouplist">
					<right>115</right>
					<top>120</top>
					<width>1100</width>
					<height>50</height>
					<align>right</align>
					<orientation>horizontal</orientation>
					<itemgap>20</itemgap>
					<control type="label">
						<width>100</width>
						<height>40</height>
						<label>$INFO[MusicPlayer.Year]</label>
						<font>font37</font>
						<shadowcolor>black</shadowcolor>
						<aligny>center</aligny>
						<align>left</align>
						<visible>!String.IsEmpty(MusicPlayer.Year)</visible>
					</control>
					<control type="label">
						<width min="0" max="1130">auto</width>
						<height>40</height>
						<label>$INFO[MusicPlayer.Album]$VAR[MultiDiscVar]</label>
						<font>font37</font>
						<shadowcolor>black</shadowcolor>
						<aligny>center</aligny>
						<align>left</align>
						<scroll>true</scroll>
						<visible>!String.IsEmpty(MusicPlayer.Album)</visible>
					</control>
					<control type="image">
						<width>190</width>
						<height>40</height>
						<texture fallback="flags/starrating/0.png">$INFO[MusicPlayer.UserRating,flags/starrating/,.png]</texture>
						<aspectratio>keep</aspectratio>
						<aligny>center</aligny>
						<align>left</align>
					</control>
				</control>
				<control type="label">
					<right>115</right>
					<top>165</top>
					<width>1100</width>
					<height>40</height>
					<aligny>center</aligny>
					<align>right</align>
					<label>$INFO[MusicPlayer.Genre]</label>
					<font>font37</font>
					<shadowcolor>black</shadowcolor>
					<scroll>true</scroll>
				</control>
				
				<control type="label">
					<right>115</right>
					<top>210</top>
					<width>1100</width>
					<height>40</height>
					<aligny>center</aligny>
					<align>right</align>
					<label>$VAR[OSDNextLabelVar]</label>
					<shadowcolor>black</shadowcolor>
					<scroll>true</scroll>
					<visible>Integer.IsGreater(Playlist.Length(music),1)</visible>
				</control>
			</control>
			<control type="group">
				<control type="progress">
					<left>0</left>
					<bottom>-25</bottom>
					<width>100%</width>
					<height>16</height>
					<info>Player.ProgressCache</info>
					<texturebg border="3" colordiffuse="00FFFFFF">colors/white50.png</texturebg>
					<midtexture>colors/white50.png</midtexture>
				</control>
				<control type="progress">
					<left>0</left>
					<bottom>-25</bottom>
					<width>100%</width>
					<height>16</height>
					<info>Player.Progress</info>
					<texturebg border="3" colordiffuse="60FFFFFF">colors/white50.png</texturebg>
					<midtexture colordiffuse="button_focus">colors/white.png</midtexture>
				</control>
			</control>
		</control>
		<control type="image">
			<bottom>20</bottom>
			<left>20</left>
			<width>512</width>
			<height>512</height>
			<texture>Y:\Girls\Scoreland\icn.jpg</texture>
		</control>
	</controls>
</window>
