<?xml version="1.0" encoding="UTF-8"?>
<window>
	<defaultcontrol always="true">50</defaultcontrol>
	<backgroundcolor>background</backgroundcolor>
	<views>50,51,53,55,500,504</views>
	<menucontrol>9000</menucontrol>
	<controls>
		<include>DefaultBackground</include>
		<control type="group">
			<animation effect="fade" start="100" end="0" time="200" tween="sine" condition="$EXP[infodialog_active]">Conditional</animation>
			<animation type="Conditional" condition="Control.HasFocus(900) + Skin.HasSetting(no_slide_animations)">
				<effect type="fade" start="100" end="0" time="300" tween="sine" delay="300" easing="out"/>
			</animation>
			<animation type="Conditional" condition="Control.HasFocus(900) + !Skin.HasSetting(no_slide_animations)">
				<effect type="fade" start="100" end="0" time="300" tween="sine" delay="300" easing="out"/>
				<effect type="slide" start="0,0" end="0,500" time="400" delay="300" tween="cubic" easing="out"/>
			</animation>
			<include>ViewBasic</include>
			<include>View_51_Poster</include>
			<include>View_53_Shift</include>
			<include>View_504_SteamBanner</include>
			<include>CommonScrollbars</include>
		</control>	
			<include content="TopBar">
				<param name="breadcrumbs_label" value="$LOCALIZE[10001]" />
			</include>
			<include content="BottomBar">
				<param name="info_visible" value="true" />
			</include>

			<include>MediaMenuMouseOverlay</include>
			<control type="group">
				<include>MediaMenuCommon</include>
				<control type="grouplist" id="9000">
					<onleft>53</onleft>
					<top>0</top>
					<include>MediaMenuListCommon</include>
					<control type="label" id="203">
						<description>Actions</description>
						<include>MediaMenuLabelCommon</include>
						<label>$LOCALIZE[31020]</label>
						<visible>Control.IsVisible(621)</visible>
					</control>
					<control type="radiobutton" id="623">
						<visible>!String.Contains(Container.FolderPath,plugin://plugin.program.newsstand)></visible>
						<include>MediaMenuItemsCommon</include>
						<label>Mostrar ìcones</label>
						<onclick>Skin.ToggleSetting(Show_Icons)</onclick>
						<selected>Skin.HasSetting(Show_Icons)</selected>
					</control>
					<control type="button" id="624">
						<include>MediaMenuItemsCommon</include>
						<label>$LOCALIZE[10140]</label>
						<onclick>Addon.OpenSettings($INFO[Container.PluginName])</onclick>
						<visible>!String.IsEmpty(Container.PluginName)</visible>
					</control>
					<control type="button" id="621">
						<description>Get more</description>
						<include>MediaMenuItemsCommon</include>
						<label>$LOCALIZE[21452]</label>
						<onclick>ActivateWindow(addonbrowser,addons://more/executable/,return)</onclick>
						<visible>Container.Content(addons)</visible>
					</control>
					<control type="button" id="625">
						<include>MediaMenuItemsCommon</include>
						<label>$LOCALIZE[31223]</label>
						<onclick>ActivateWindow(settings)</onclick>
					</control>
				</control>
				<include>MediaMenuNowPlaying</include>
			</control>
			<!-- Esconde Elementos da Tela -->
			<control type="button" id="900">
				<onup>50</onup>
				<ondown>50</ondown>
				<onleft>50</onleft>
				<onright>50</onright>
				<onfocus/>
				<onback>SetFocus(50)</onback>
				<include>HiddenObject</include>
			</control>

	</controls>
</window>
