<?xml version="1.0" encoding="UTF-8"?>
<window>
	<defaultcontrol>9000</defaultcontrol>
	<backgroundcolor>background</backgroundcolor>
	<onload>RunScript(script.skinshortcuts,type=buildxml&amp;mainmenuID=9000&amp;group=mainmenu|rightmenu|leftmenu)</onload>
	<controls>
		<include>DefaultBackground</include>
		<control type="multiimage">
			<depth>DepthBackground</depth>
			<include>FullScreenDimensions</include>
			<aspectratio>scale</aspectratio>
			<fadetime>600</fadetime>
			<animation effect="zoom" center="auto" end="102,102" time="0" condition="Integer.IsGreater(System.StereoscopicMode,0)">conditional</animation>
			<animation effect="fade" start="0" end="100" time="400">WindowOpen</animation>
			<animation effect="fade" start="100" end="0" time="300">WindowClose</animation>
			<animation effect="fade" time="400">VisibleChange</animation>
			<imagepath background="true" colordiffuse="bg_overlay">$INFO[Skin.String(HomeFanart.path)]settings$INFO[Skin.String(HomeFanart.ext)]</imagepath>
			<visible>!Player.HasMedia + !String.IsEmpty(Skin.String(HomeFanart.path))</visible>
		</control>
		<control type="multiimage">
			<visible>Skin.HasSetting(show_fanartbackground)</visible>
			<include>FullScreenDimensions</include>
			<aspectratio>scale</aspectratio>
			<fadetime>400</fadetime>
			<animation effect="fade" time="400">VisibleChange</animation>
			<imagepath colordiffuse="FF878787">$INFO[skin.string(MusicArtsPath)]$INFO[MusicPlayer.Artist,,/extrafanart/]</imagepath>
		</control>
		<!-- Menu Central -->
		<control type="group" id="10000">
			<left>470</left>
			<include>OpenClose_Right</include>
			<!-- Geral -->
			<control type="grouplist" id="700">
				<top>133</top>
				<left>0</left>
				<right>0</right>
				<bottom>140</bottom>
				<onleft>9000</onleft>
				<onright>60</onright>
				<onup>700</onup>
				<ondown>700</ondown>
				<visible>Container(9000).HasFocus(1)</visible>
				<control type="radiobutton" id="701">
					<label>$LOCALIZE[31095]</label>
					<include>DefaultSettingButton</include>
					<selected>!Skin.HasSetting(no_slide_animations)</selected>
					<onclick>Skin.ToggleSetting(no_slide_animations)</onclick>
				</control>
				<control type="radiobutton" id="702">
					<label>$LOCALIZE[20189]</label>
					<include>DefaultSettingButton</include>
					<onclick>Skin.ToggleSetting(autoscroll)</onclick>
					<selected>Skin.HasSetting(autoscroll)</selected>
				</control>
				<!-- <control type="radiobutton" id="703">
					<label>$LOCALIZE[31158]</label>
					<include>DefaultSettingButton</include>
					<onclick>Skin.ToggleSetting(touchmode)</onclick>
					<selected>Skin.HasSetting(touchmode)</selected>
				</control> -->
				<!-- <control type="radiobutton" id="704">
					<label>$LOCALIZE[31093]</label>
					<include>DefaultSettingButton</include>
					<onclick condition="!String.IsEmpty(Weather.Plugin)">Skin.ToggleSetting(show_weatherinfo)</onclick>
					<onclick condition="String.IsEmpty(Weather.Plugin)">ActivateWindow(servicesettings,weather)</onclick>
					<selected>Skin.HasSetting(show_weatherinfo) + !String.IsEmpty(Weather.Plugin)</selected>
				</control> -->
				<!-- <control type="radiobutton" id="707">
					<label>$LOCALIZE[31160]</label>
					<include>DefaultSettingButton</include>
					<onclick>Skin.ToggleSetting(hide_mediaflags)</onclick>
					<selected>!Skin.HasSetting(hide_mediaflags)</selected>
				</control> -->
				<control type="button" id="708">
					<label>$LOCALIZE[31024]</label>
					<include>DefaultSettingButton</include>
					<onclick>Skin.SelectBool(31024, 38018|circle_userrating, 563|circle_rating, 16018|circle_none)</onclick>
					<label2>$VAR[RatingSettingLabel2Var]</label2>
				</control>
				<control type="button" id="709">
					<label>$LOCALIZE[31164]</label>
					<include>DefaultSettingButton</include>
					<onclick>Skin.SelectBool(31164, 31165|show_profilename, 31166|show_profileavatar, 16018|show_none)</onclick>
					<label2>$VAR[ProfileIdentificationLabel2Var]</label2>
				</control>
			</control>
			<!-- Artwork -->
			<control type="grouplist" id="600">
				<top>133</top>
				<left>0</left>
				<right>0</right>
				<bottom>140</bottom>
				<onleft>9000</onleft>
				<onright>60</onright>
				<onup>600</onup>
				<ondown>600</ondown>
				<visible>Container(9000).HasFocus(3)</visible>
				<!-- Choose background pattern -->
				<control type="button" id="602">
					<label>$LOCALIZE[31156]</label>
					<label2>$VAR[BackgroundOverlayTypeVar]</label2>
					<include>DefaultSettingButton</include>
					<onclick>Skin.Reset(CustomHomeFanart)</onclick>
					<onclick condition="String.IsEqual(Skin.String(background_overlay),7)">Skin.SetString(background_overlay,0)</onclick>
					<onclick condition="String.IsEqual(Skin.String(background_overlay),6)">Skin.SetString(background_overlay,7)</onclick>
					<onclick condition="String.IsEqual(Skin.String(background_overlay),5)">Skin.SetString(background_overlay,6)</onclick>
					<onclick condition="String.IsEqual(Skin.String(background_overlay),4)">Skin.SetString(background_overlay,5)</onclick>
					<onclick condition="String.IsEqual(Skin.String(background_overlay),3)">Skin.SetString(background_overlay,4)</onclick>
					<onclick condition="String.IsEqual(Skin.String(background_overlay),2)">Skin.SetString(background_overlay,3)</onclick>
					<onclick condition="String.IsEqual(Skin.String(background_overlay),1)">Skin.SetString(background_overlay,2)</onclick>
					<onclick condition="String.IsEqual(Skin.String(background_overlay),0)">Skin.SetString(background_overlay,1)</onclick>
				</control>
				<!-- Select a custom background image -->
				<control type="button" id="603">
					<label>$LOCALIZE[31177]</label>
					<label2>$INFO[Skin.String(CustomHomeFanart)]</label2>
					<include>DefaultSettingButton</include>
					<onclick>Skin.SetString(background_overlay,0)</onclick>
					<onclick>Skin.SetString(CustomHomeFanart,special://home/addons/skin.mediacenter/extras/backgrounds/)</onclick>
					<onclick>Skin.SetImage(CustomHomeFanart)</onclick>
				</control>
				<!-- Clear the custom background adjustment -->
				<control type="button" id="604">
					<enable>!String.IsEmpty(Skin.String(CustomHomeFanart))</enable>
					<label>$LOCALIZE[31178]</label>
					<include>DefaultSettingButton</include>
					<onclick>Skin.Reset(CustomHomeFanart)</onclick>
					<onclick>up</onclick>
				</control>
				<!-- Show Fanart background -->
				<control type="radiobutton" id="605">
					<label>$LOCALIZE[31002]</label>
					<include>DefaultSettingButton</include>
					<onclick>Skin.ToggleSetting(show_fanartbackground)</onclick>
					<selected>Skin.HasSetting(show_fanartbackground)</selected>
				</control>
				<control type="radiobutton" id="606">
					<label>$LOCALIZE[31131]</label>
					<include>DefaultSettingButton</include>
					<onclick>Skin.ToggleSetting(show_studioicons)</onclick>
					<selected>Skin.HasSetting(show_studioicons)</selected>
				</control>
				<control type="button" id="607">
					<label>$LOCALIZE[31049]</label>
					<label2>$INFO[Skin.String(studioicons.name)]</label2>
					<include>DefaultSettingButton</include>
					<onclick condition="System.AddonIsEnabled(script.image.resource.select)">RunScript(script.image.resource.select,property=studioicons&amp;type=resource.images.studios)</onclick>
					<onclick condition="System.HasAddon(script.image.resource.select) + !System.AddonIsEnabled(script.image.resource.select)">EnableAddon(script.image.resource.select)</onclick>
					<onclick condition="!System.HasAddon(script.image.resource.select)">InstallAddon(script.image.resource.select)</onclick>
					<enable>Skin.HasSetting(show_studioicons)</enable>
				</control>
				<control type="radiobutton" id="608">
					<label>Exibir ícones de gêneros Musicais na skin</label>
					<include>DefaultSettingButton</include>
					<onclick>Skin.ToggleSetting(show_genreicons)</onclick>
					<selected>Skin.HasSetting(show_genreicons)</selected>
				</control>
				<control type="button" id="609">
					<label>Selecione o pacote de ícones de gêneros musicais</label>
					<label2>$INFO[Skin.String(musicgenres.name)]</label2>
					<include>DefaultSettingButton</include>
					<onclick condition="System.AddonIsEnabled(script.image.resource.select)">RunScript(script.image.resource.select,property=musicgenres&amp;type=resource.images.musicgenreicons)</onclick>
					<onclick condition="System.HasAddon(script.image.resource.select) + !System.AddonIsEnabled(script.image.resource.select)">EnableAddon(script.image.resource.select)</onclick>
					<onclick condition="!System.HasAddon(script.image.resource.select)">InstallAddon(script.image.resource.select)</onclick>
					<enable>Skin.HasSetting(show_genreicons)</enable>
				</control>
				<!-- <control type="button" id="609">
					<label>$LOCALIZE[31062]</label>
					<label2>$INFO[Skin.String(WeatherFanart.name)]</label2>
					<include>DefaultSettingButton</include>
					<onclick condition="System.AddonIsEnabled(script.image.resource.select)">RunScript(script.image.resource.select,property=WeatherFanart&amp;type=resource.images.weatherfanart)</onclick>
					<onclick condition="System.HasAddon(script.image.resource.select) + !System.AddonIsEnabled(script.image.resource.select)">EnableAddon(script.image.resource.select)</onclick>
					<onclick condition="!System.HasAddon(script.image.resource.select)">InstallAddon(script.image.resource.select)</onclick>
					<enable>!Skin.HasSetting(no_fanart)</enable>
				</control> -->
				<!-- <control type="button" id="6066">
					<label>$LOCALIZE[31149]</label>
					<label2>$INFO[Skin.String(MovieGenreFanart.Name)]</label2>
					<include>DefaultSettingButton</include>
					<onclick condition="System.AddonIsEnabled(script.image.resource.select)">RunScript(script.image.resource.select,property=MovieGenreFanart&amp;type=resource.images.moviegenrefanart)</onclick>
					<onclick condition="System.HasAddon(script.image.resource.select) + !System.AddonIsEnabled(script.image.resource.select)">EnableAddon(script.image.resource.select)</onclick>
					<onclick condition="!System.HasAddon(script.image.resource.select)">InstallAddon(script.image.resource.select)</onclick>
				</control>
				<control type="radiobutton" id="6067">
					<label>$LOCALIZE[31168]</label>
					<label>Show Music Video Poster</label>
					<include>DefaultSettingButton</include>
					<onclick>Skin.ToggleSetting(show_musicvideoposter)</onclick>
					<selected>Skin.HasSetting(show_musicvideoposter)</selected>
				</control> -->
			</control>
			<!-- Editar Menu Principal -->
			<control type="grouplist" id="630">
				<top>133</top>
				<left>0</left>
				<right>0</right>
				<bottom>140</bottom>
				<onleft>9000</onleft>
				<onright>60</onright>
				<onup>630</onup>
				<pagecontrol>60</pagecontrol>
				<ondown>630</ondown>
				<visible>Container(9000).HasFocus(4)</visible>
				<!-- Ajustes do Menu Padrão -->
				<!-- <control type="radiobutton" id="631">
					<label>$LOCALIZE[31169]</label>
					<include>DefaultSettingButton</include>
					<onclick>Skin.ToggleSetting(Default_Menu)</onclick>
					<selected>Skin.HasSetting(Default_Menu)</selected>
					<onclick>Skin.Reset(SkinShortcuts_Menu)</onclick>
				</control> -->
				<!-- Menu Skin-Shortcuts -->
				<!-- <control type="radiobutton" id="632">
					<label>$LOCALIZE[31170]</label>
					<include>DefaultSettingButton</include>
					<onclick>Skin.ToggleSetting(SkinShortcuts_Menu)</onclick>
					<selected>Skin.HasSetting(SkinShortcuts_Menu)</selected>
					<onclick>Skin.Reset(Default_Menu)</onclick>
					<enable>System.HasAddon(script.skinshortcuts)</enable>
				</control> -->
				<!-- Defina itens do menu Padrão -->
				<control type="button" id="633">
					<label>$LOCALIZE[31171]</label>
					<include>DefaultSettingButton</include>
					<onclick>ActivateWindow(1111)</onclick>
				</control>
				<!-- Defina itens do Skin-Shortcuts -->
				<!-- <control type="button" id="634">
					<label>$LOCALIZE[31172]</label>
					<include>DefaultSettingButton</include>
					<onclick>RunScript(script.skinshortcuts,type=manage&amp;group=mainmenu)</onclick>
					<enable>System.HasAddon(script.skinshortcuts)</enable>
				</control> -->
				<!-- Esmaecer Widgets após 3 segundo -->
				<control type="radiobutton" id="706">
					<label>$LOCALIZE[31174]</label>
					<include>DefaultSettingButton</include>
					<onclick>Skin.ToggleSetting(FadeWidgetIdle)</onclick>
					<selected>Skin.HasSetting(FadeWidgetIdle)</selected>
				</control>
				<!-- Exibir Tocando agora na Home -->
				<control type="radiobutton" id="707">
					<label>$LOCALIZE[31175]</label>
					<include>DefaultSettingButton</include>
					<onclick>Skin.ToggleSetting(showhomenowplaying)</onclick>
					<selected>Skin.HasSetting(showhomenowplaying)</selected>
				</control>
			</control>
			<!-- Inicialização e Reinicialização -->
			<control type="grouplist" id="640">
				<top>133</top>
				<left>0</left>
				<right>0</right>
				<bottom>140</bottom>
				<onleft>9000</onleft>
				<onright>60</onright>
				<onup>1112</onup>
				<pagecontrol>60</pagecontrol>
				<ondown>1112</ondown>
				<visible>Container(9000).HasFocus(2)</visible>
				<!-- ativar botao do reset -->
				<control type="radiobutton" id="642">
					<include>DefaultSettingButton</include>
					<label>31217</label>
					<onclick>Skin.ToggleSetting(resetmode)</onclick>
					<selected>Skin.HasSetting(resetmode)</selected>
				</control>
				<!-- Resetar -->
				<control type="button" id="643">
					<include>DefaultSettingButton</include>
					<top>60</top>
					<label>31218</label>
					<onleft>Skin.Reset(resetmode)</onleft>
					<onright>Skin.Reset(resetmode)</onright>
					<ondown>Skin.Reset(resetmode)</ondown>
					<onclick>ActivateWindow(1112)</onclick>
					<visible>Skin.HasSetting(resetmode)</visible>
				</control>
			</control>
			<!-- Barras -->
			<control type="image">
				<description>Dialog Header image</description>
				<left>0</left>
				<top>130</top>
				<right>0</right>
				<height>3</height>
				<texture colordiffuse="button_focus" border="2">dialogs/separator-grey.png</texture>
			</control>
			<control type="image">
				<description>Dialog Header image</description>
				<left>0</left>
				<bottom>134</bottom>
				<right>0</right>
				<height>3</height>
				<texture colordiffuse="button_focus" border="2">dialogs/separator-grey.png</texture>
			</control>
		</control>
		<!-- Menu da Esquerda -->
		<control type="group">
			<depth>DepthContentPanel</depth>
			<left>0</left>
			<include>OpenClose_Left</include>
			<include content="ContentPanel">
				<param name="width" value="530"/>
			</include>
			<control type="list" id="9000">
				<description>button area</description>
				<left>0</left>
				<top>130</top>
				<width>470</width>
				<height>700</height>
				<onleft>10000</onleft>
				<onright>10000</onright>
				<onup>9000</onup>
				<ondown>9000</ondown>
				
				<itemlayout height="85" width="470">
					<control type="label">
						<textoffsetx>30</textoffsetx>
						<width>470</width>
						<height>85</height>
						<label>$INFO[ListItem.Label]</label>
						<font>font37</font>
						<aligny>center</aligny>
					</control>
				</itemlayout>
				<focusedlayout height="85" width="470">
					<control type="image">
						<width>470</width>
						<height>85</height>
						<texture colordiffuse="button_focus">lists/focus.png</texture>
						<animation effect="fade" start="100" end="50" time="40" condition="!Control.HasFocus(9000)">Conditional</animation>
					</control>
					<control type="label">
						<textoffsetx>30</textoffsetx>
						<width>470</width>
						<height>85</height>
						<font>font37</font>
						<aligny>center</aligny>
						<label>$INFO[ListItem.Label]</label>
					</control>
				</focusedlayout>
				<content>
					<item id="4">
						<label>$LOCALIZE[31168]</label>
						<onclick>right</onclick>
					</item>
					<item id="3">
						<label>$LOCALIZE[31159]</label>
						<onclick>right</onclick>
					</item>
					<item id="1">
						<label>$LOCALIZE[128]</label>
						<onclick>right</onclick>
					</item>
					<item id="2">
						<label>$LOCALIZE[31219]</label>
						<onclick>right</onclick>
					</item>
				</content>
			</control>
		</control>
		<!-- Barra de Scroll -->
		<control type="group">
			<right>0</right>
			<top>133</top>
			<bottom>137</bottom>
			<width>60</width>
			<control type="scrollbar" id="60">
				<right>0</right>
				<top>0</top>
				<bottom>0</bottom>
				<width>12</width>
				<orientation>vertical</orientation>
				<texturesliderbackground/>
				<animation effect="slide" end="6,0" time="300" tween="sine" easing="inout" condition="!Control.HasFocus(60)">conditional</animation>
				<onleft>610</onleft>
				<onright>610</onright>
				<animation effect="fade" start="0" end="100" time="200" delay="300">Visible</animation>
				<animation effect="fade" start="100" end="0" time="200">Hidden</animation>
				<animation effect="fade" start="0" end="100" delay="300" time="320">WindowOpen</animation>
				<animation effect="fade" start="100" end="0" time="150">WindowClose</animation>
				<hitrect x="0" y="0" w="60" h="100%"/>
				<visible>Control.IsVisible(610)</visible>
			</control>
		</control>
		<include content="TopBar">
			<param name="breadcrumbs_label" value="$LOCALIZE[5] / $LOCALIZE[20077]"/>
		</include>
		<include>BottomBar</include>
		<control type="textbox" id="6">
			<include>OpenClose_Right</include>
			<description>description area</description>
			<left>510</left>
			<bottom>27</bottom>
			<width>1350</width>
			<height>100</height>
			<font>font12</font>
			<align>justify</align>
			<textcolor>button_focus</textcolor>
			<label>$VAR[SkinSettingsHelpTextVar]</label>
			<autoscroll time="3000" delay="5000" repeat="5000">true</autoscroll>
		</control>
	</controls>
</window>
