<?xml version="1.0" encoding="UTF-8"?>
<includes>
	<!-- VISTA BASICA - ID 50 -->
	<include name="ViewBasic">
		
		<!-- GRUPO DE LISTA -->
		<control type="group">
			<include>OpenClose_Down</include>
			<visible>Control.IsVisible(50)</visible>
			<include>Visible_Right</include>
			<!-- TESTE LABELS -->
			<control type="label">
				<!-- <visible>String.IsEqual(ListItem.DBTYPE,genre)</visible> -->
				<top>45</top>
				<left>500</left>
				<!-- <label>$INFO[Window(home).Property(SkinHelper.ListItem.Art.ClearLogo)]</label> -->
				<!-- <label>$VAR[viewdisc]</label> -->
				<!-- <label>$INFO[Skin.String(musicgenres.path)]default.jpg</label> -->
				<!-- $INFO[ListItem.Path,,logo.png] -->
				<!-- <label>$INFO[Container(50).NumItems]</label> -->
				<!-- <label>$INFO[Container(9000).Position(pos)]</label> -->
				<!-- <label>$INFO[Player.Folderpath]discart.png</label> -abel> -->
				<!-- <label>$INFO[Skin.String(MusicArtsPath)]$INFO[ListItem.Artist]</label> -->
				<!-- <label>$INFO[ListItem.Property(name)]</label> -->
				<!-- <label>$INFO[Skin.String(ModelsArtsPath)]flyers\$INFO[ListItem.Label].jpg</label> -->
				<!-- <label>$INFO[Container.Content]</label> -->
				<textcolor>white</textcolor>
				<align>left</align>
				<scroll>true</scroll>
				<!-- <visible>Control.HasFocus(10)</visible> -->
			</control>
			<!-- Discart -->
			<control type="group">
				<left>150</left>
				<right>53%</right>
				<top>120</top>
				<bottom>300</bottom>
				<height>640</height>
				<visible>Window.IsActive(Videos) | Window.IsActive(Music)</visible>
				<animation type="Conditional" condition="!String.IsEmpty(ListItem.Art(discart))">
					<effect type="slide" start="0,0" end="120,0" time="400" delay="1000" tween="cubic" easing="out"/>
					<effect type="fade" start="0" end="100" time="1000" delay="1000" tween="cubic" easing="out"/>
				</animation>
				<animation effect="rotate" end="-360" center="auto" time="5000" loop="true" reversible="false" condition="Player.HasMedia + !Player.Paused">Conditional</animation>
				<control type="image">
					<texture>$INFO[ListItem.Art(discart)]</texture>
					<fadetime>450</fadetime>
					<aspectratio align="center" aligny="center">keep</aspectratio>
				</control>
				<control type="image">
					<texture>$INFO[ListItem.FolderPath,.discart.png]</texture>
					<fadetime>450</fadetime>
					<aspectratio align="center" aligny="center">keep</aspectratio>
				</control>
			</control>
			<!-- Poster & Icons -->
			<control type="group">
				<control type="group">
					<animation type="Conditional" condition="!String.IsEmpty(ListItem.Art(discart))">
						<effect type="slide" start="0,0" end="-120,0" time="400" delay="1000" tween="cubic" easing="out"/>
					</animation>
					<control type="image" id="499">
						<left>50</left>
						<right>53%</right>
						<top>91</top>
						<bottom>287</bottom>
						<texture>$INFO[Skin.String(ModelsArtsPath)]flyers\$INFO[ListItem.Label].jpg</texture>
						<fadetime>450</fadetime>
						<aspectratio align="center" aligny="center">keep</aspectratio>
						<bordertexture border="21">overlays/shadow.png</bordertexture>
						<bordersize>20</bordersize>
					</control>
					<control type="image">					
						<visible>String.IsEmpty(Control.GetLabel(499))</visible>
						<left>50</left>
						<right>53%</right>
						<top>91</top>
						<bottom>287</bottom>
						<texture>$VAR[PosterVar]</texture>
						<fadetime>450</fadetime>
						<aspectratio align="center" aligny="center">keep</aspectratio>
						<bordertexture border="21">overlays/shadow.png</bordertexture>
						<bordersize>20</bordersize>
					</control>
					<control type="image">				
						<visible>String.IsEqual(ListItem.dbtype,genre)</visible>
						<left>50</left>
						<right>53%</right>
						<top>91</top>
						<bottom>287</bottom>
						<texture>$INFO[Skin.String(musicgenres.path)]$INFO[ListItem.Genre,,.jpg]</texture>
						<fadetime>450</fadetime>
						<aspectratio align="center" aligny="center">keep</aspectratio>
						<bordertexture border="21">overlays/shadow.png</bordertexture>
						<bordersize>20</bordersize>
					</control>
				</control>
				<control type="image">
					<bottom>70</bottom>
					<height>220</height>
					<width>100%</width>
					<texture colordiffuse="E6FFFFFF">dialogs/dialog-bg-nobo.png</texture>
				</control>
				<control type="textbox">
					<visible>!Container.Content(addons)</visible>
					<right>540</right>
					<bottom>93</bottom>
					<left>960</left>
					<height>180</height>
					<label>$VAR[ShiftLeftTextBoxVar]</label>
					<align>left</align>
					<font>font27</font>
					<shadowcolor>text_shadow</shadowcolor>
					<fadetime>450</fadetime>
					<autoscroll time="3000" repeat="3000">True</autoscroll>
					<fadetime>450</fadetime>
				</control>
				<control type="textbox">
					<visible>Container.Content(addons)</visible>
					<right>30</right>
					<bottom>93</bottom>
					<left>960</left>
					<height>180</height>
					<label>$VAR[ShiftLeftTextBoxVar]</label>
					<align>left</align>
					<font>font27</font>
					<shadowcolor>text_shadow</shadowcolor>
					<fadetime>450</fadetime>
					<autoscroll time="3000" repeat="3000">True</autoscroll>
					<fadetime>450</fadetime>
				</control>
				<control type="textbox">
					<left>50</left>
					<bottom>93</bottom>
					<height>180</height>
					<width>860</width>
					<font>font10</font>
					<label>$VAR[ShiftRightTextBoxVar]</label>
					<align>justify</align>
					<fadetime>450</fadetime>
					<autoscroll time="3000" repeat="3000">True</autoscroll>
				</control>
			<control type="image">
					<right>50</right>
					<top>805</top>
					<bottom>90</bottom>
					<width>477</width>
					<texture>$VAR[ClearLogoVar]</texture>
					<aspectratio aligny="bottom">keep</aspectratio>
					<fadetime>450</fadetime>
				</control>
			</control>
			<!-- SCROLLBAR -->
			<control type="scrollbar" id="80">
				<right>0</right>
				<top>100</top>
				<width>12</width>
				<bottom>80</bottom>
				<onleft>50</onleft>
				<onright>900</onright>
				<orientation>vertical</orientation>
				<animation effect="slide" end="12" time="300" tween="sine" easing="inout" condition="!Control.HasFocus(80)">conditional</animation>
			</control>
			<control type="button" id="900">
				<onup>50</onup>
				<ondown>50</ondown>
				<onleft>50</onleft>
				<onright>50</onright>
				<onfocus/>
				<include>HiddenObject</include>
			</control>
			<include content="ViewBasic50">
				<param name="list_id" value="50"/>
				<param name="right" value="0"/>
				<param name="viewtype_label" value="ViewBasic"/>
			</include>
		</control>
	</include>
	<!-- LISTA -->
	<include name="ViewBasic50">
		<param name="left">960</param>
		<definition>
			<control type="list" id="$PARAM[list_id]">
				<left>$PARAM[left]</left>
				<right>$PARAM[right]</right>
				<top>110</top>
				<bottom>300</bottom>
				<movement>5</movement>
				<scrolltime tween="cubic" easing="out">500</scrolltime>
				<orientation>vertical</orientation>
				<pagecontrol>80</pagecontrol>
				<onleft>9000</onleft>
				<onright condition="Control.IsVisible(80)">80</onright>
				<onright condition="!Control.IsVisible(80)">900</onright>
				<viewtype label="$PARAM[viewtype_label]">list</viewtype>
				<itemlayout height="83" condition="!Container.Content(addons)">
					<control type="label">
						<left>100</left>
						<!-- <right>70</right> -->
						<bottom>0</bottom>
						<aligny>center</aligny>
						<font>font27</font>
						<label>$INFO[ListItem.Property(name)] $INFO[ListItem.Label]</label>
						<shadowcolor>text_shadow</shadowcolor>
					</control>
					<control type="image">
						<left>21</left>
						<centertop>50%</centertop>
						<width>60</width>
						<height>60</height>
						<texture colordiffuse="grey">$VAR[BasicListWatchedIconVar]</texture>
						<aspectratio>scale</aspectratio>
					</control>
					<control type="image">
						<right>20</right>
						<centertop>50%</centertop>
						<bottom>0</bottom>
						<align>right</align>
						<width>32</width>
						<height>32</height>
						<texture colordiffuse="grey">$INFO[ListItem.Overlay]</texture>
					</control>
				</itemlayout>
				<focusedlayout height="83" condition="!Container.Content(addons)">
					<control type="image">
						<left>0</left>
						<right>0</right>
						<top>0</top>
						<bottom>0</bottom>
						<texture colordiffuse="button_focus">lists/focus.png</texture>
						<visible>Control.HasFocus($PARAM[list_id])</visible>
					</control>
					<control type="label">
						<left>100</left>
						<right>70</right>
						<bottom>0</bottom>
						<aligny>center</aligny>
						<font>font27</font>
						<label>$INFO[ListItem.Property(name),] $INFO[ListItem.Label]</label>
						<shadowcolor>text_shadow</shadowcolor>
						<scroll>true</scroll>
					</control>
					<control type="image">
						<left>21</left>
						<centertop>50%</centertop>
						<width>60</width>
						<height>60</height>
						<texture colordiffuse="grey">$VAR[BasicListWatchedIconVar]</texture>
						<aspectratio>scale</aspectratio>
					</control>
					<control type="image">
						<right>20</right>
						<centertop>50%</centertop>
						<bottom>0</bottom>
						<align>right</align>
						<width>32</width>
						<height>32</height>
						<texture colordiffuse="grey">$INFO[ListItem.Overlay]</texture>
					</control>
				</focusedlayout>
				<itemlayout height="83" condition="Container.Content(addons)">
					<control type="label">
						<left>100</left>
						<right>70</right>
						<bottom>0</bottom>
						<aligny>center</aligny>
						<font>font27</font>
						<label>$INFO[ListItem.Property(name),] $INFO[ListItem.Label]</label>
						<shadowcolor>text_shadow</shadowcolor>
					</control>
					<control type="image">
						<left>21</left>
						<centertop>50%</centertop>
						<width>60</width>
						<height>60</height>
						<texture colordiffuse="grey">$VAR[BasicListWatchedIconVar]</texture>
						<aspectratio>scale</aspectratio>
					</control>
					<!-- <control type="label">
						<right>80</right>
						<right>90</right>
						<height>80</height>
						<width>600</width>
						<align>right</align>
						<aligny>center</aligny>
						<font>font27</font>
						<label>$VAR[AddonsLabel2Var]</label>
						<scroll>true</scroll>
					</control> -->
					<control type="image">
						<right>40</right>
						<top>25</top>
						<width>32</width>
						<height>32</height>
						<texture>$VAR[AddonsOriginVar]</texture>
						<!-- <visible>!ListItem.IsFolder</visible> -->
					</control>
				</itemlayout>
				<focusedlayout height="83" condition="Container.Content(addons)">
					<control type="image">
						<left>0</left>
						<right>0</right>
						<top>0</top>
						<bottom>0</bottom>
						<texture colordiffuse="button_focus">lists/focus.png</texture>
						<visible>Control.HasFocus($PARAM[list_id])</visible>
					</control>
					<control type="label">
						<left>100</left>
						<right>70</right>
						<bottom>0</bottom>
						<aligny>center</aligny>
						<font>font27</font>
						<label>$INFO[ListItem.Property(name),] $INFO[ListItem.Label]</label>
						<shadowcolor>text_shadow</shadowcolor>
						<scroll>true</scroll>
					</control>
					<control type="image">
						<left>21</left>
						<centertop>50%</centertop>
						<width>60</width>
						<height>60</height>
						<texture colordiffuse="grey">$VAR[BasicListWatchedIconVar]</texture>
						<aspectratio>scale</aspectratio>
					</control>
					<!-- <control type="label">
						<right>80</right>
						<right>90</right>
						<height>80</height>
						<width>600</width>
						<align>right</align>
						<aligny>center</aligny>
						<font>font27</font>
						<label>$VAR[AddonsLabel2Var]</label>
						<scroll>true</scroll>
					</control> -->
					<control type="image">
						<right>40</right>
						<top>25</top>
						<width>32</width>
						<height>32</height>
						<texture>$VAR[AddonsOriginVar]</texture>
						<!-- <visible>!ListItem.IsFolder</visible> -->
					</control>
				</focusedlayout>
			</control>
		</definition>
	</include>
</includes>
