<?xml version="1.0" encoding="UTF-8"?>
<overrides>
	<widget-groupings>
		<!-- Widgets de Jogos -->
		<node label="10821">
			<shortcut label="$INFO[System.AddonTitle(plugin.program.advanced.emulator.launcher)]" type="32123" icon="DefaultAddonGame.png" widget="addon" widgetType="addon" widgetTarget="games" condition="System.HasAddon(plugin.program.advanced.emulator.launcher)">||BROWSE||plugin.program.advanced.emulator.launcher</shortcut>
			<shortcut label="All Categories" type="32123" icon="DefaultAddonGame.png" widget="addon" widgetType="addon" widgetTarget="games" condition="System.HasAddon(plugin.program.advanced.emulator.launcher)">plugin://plugin.program.advanced.emulator.launcher/?com=SHOW_ALL_CATEGORIES</shortcut>
			<shortcut label="All Launchers" type="32123" icon="DefaultAddonGame.png" widget="addon" widgetType="addon" widgetTarget="games" condition="System.HasAddon(plugin.program.advanced.emulator.launcher)">plugin://plugin.program.advanced.emulator.launcher/?com=SHOW_ALL_LAUNCHERS</shortcut>
			<shortcut label="All Roms" type="32123" icon="DefaultAddonGame.png" widget="addon" widgetType="addon" widgetTarget="games" condition="System.HasAddon(plugin.program.advanced.emulator.launcher)">plugin://plugin.program.advanced.emulator.launcher/?com=SHOW_ALL_ROMS</shortcut>
			<shortcut label="Recently Played" type="32123" icon="DefaultAddonGame.png" widget="addon" widgetType="addon" widgetTarget="games" condition="System.HasAddon(plugin.program.advanced.emulator.launcher)">plugin://plugin.program.advanced.emulator.launcher/?com=SHOW_RECENTLY_PLAYED</shortcut>
			<shortcut label="Most Played" type="32123" icon="DefaultAddonGame.png" widget="addon" widgetType="addon" widgetTarget="games" condition="System.HasAddon(plugin.program.advanced.emulator.launcher)">plugin://plugin.program.advanced.emulator.launcher/?com=SHOW_MOST_PLAYED</shortcut>
			<shortcut label="Favourites" type="32123" icon="DefaultAddonGame.png" widget="addon" widgetType="addon" widgetTarget="games" condition="System.HasAddon(plugin.program.advanced.emulator.launcher)">plugin://plugin.program.advanced.emulator.launcher/?com=SHOW_FAVOURITES</shortcut>
			<shortcut label="$INFO[System.AddonTitle(plugin.program.iagl)]" type="32123" icon="DefaultAddonGame.png" condition="System.HasAddon(plugin.program.iagl)">||BROWSE||plugin.program.iagl</shortcut>
		</node>
		<!-- Widgets de Magazines -->
		<node label="Magazines" condition="System.HasAddon(plugin.program.newsstand)">
			<shortcut label="Most Viewed" type="Magazines" icon="defaultaddonimages.png" widget="addon" widgetType="addon" widgetTarget="programs">plugin://plugin.program.newsstand/?com=SHOW_MOST_VIEWED</shortcut>
			<shortcut label="Last Viewed" type="Magazines" icon="defaultaddonimages.png" widget="addon" widgetType="addon" widgetTarget="programs">plugin://plugin.program.newsstand/?com=SHOW_LAST_VIEWED</shortcut>
			<shortcut label="All Issues" type="Magazines" icon="defaultaddonimages.png" widget="addon" widgetType="addon" widgetTarget="programs">plugin://plugin.program.newsstand/?com=SHOW_ALL_ISSUES</shortcut>
			<shortcut label="All Magazines" type="Magazines" icon="defaultaddonimages.png" widget="addon" widgetType="addon" widgetTarget="programs">plugin://plugin.program.newsstand/?com=SHOW_ALL_MAGAZINES</shortcut>
			<shortcut label="Collections" type="Magazines" icon="defaultaddonimages.png" widget="addon" widgetType="addon" widgetTarget="programs">plugin://plugin.program.newsstand/?com=SHOW_COLLECTIONS</shortcut>
			<shortcut label="Favourites" type="Magazines" icon="defaultaddonimages.png" widget="addon" widgetType="addon" widgetTarget="programs">plugin://plugin.program.newsstand/?com=SHOW_FAVOURITES</shortcut>
		</node>
		<node label="32007">
			<node label="32009">
				<content>addon-program-plugin</content>
			</node>
			<node label="32010">
				<content>addon-video</content>
			</node>
			<node label="32011">
				<content>addon-audio</content>
			</node>
			<node label="32012">
				<content>addon-image</content>
			</node>
			<shortcut label="10001" type="32021" icon="DefaultAddonProgram.png" widget="addon" widgetType="program" widgetTarget="programs">addons://sources/executable</shortcut>
			<shortcut label="20244" type="32021" icon="DefaultAddonProgram.png" widget="addon" widgetType="program" widgetTarget="programs" condition="System.Platform.Android">androidapp://sources/apps</shortcut>
			<shortcut label="1037" type="32014" icon="DefaultAddonVideo.png" widget="addon" widgetType="video" widgetTarget="video">addons://sources/video</shortcut>
			<shortcut label="1038" type="32019" icon="DefaultAddonMusic.png" widget="addon" widgetType="music" widgetTarget="music">addons://sources/audio</shortcut>
			<shortcut label="1039" type="32020" icon="DefaultAddonPicture.png" widget="addon" widgetType="picture" widgetTarget="pictures">addons://sources/image</shortcut>
			<shortcut label="31176" type="10821" icon="DefaultAddonGame.png" widget="addon" widgetType="game" widgetTarget="games">addons://sources/game</shortcut>
		</node>
		<node label="32030">
			<content>video</content>
			<node label="32040">
				<content>playlist-video</content>
			</node>
			<node label="32010">
				<content>addon-video</content>
			</node>
			<node label="32075">
				<content>videosources</content>
			</node>
		</node>
		<node label="32031">
			<content>music</content>
			<node label="32040">
				<content>playlist-audio</content>
			</node>
			<node label="32011">
				<content>addon-audio</content>
			</node>
			<node label="32075">
				<content>musicsources</content>
			</node>
		</node>
		<node label="32020">
			<content>picturesources</content>
		</node>
		<!-- Widgets de PVR -->
		<node label="PVR" condition="System.HasPVRAddon">
			<shortcut label="Live Tv" type="32020" icon="icons\sidemenu\livetv.png" widget="addon" widgetType="addon" widgetTarget="programs" condition="PVR.HasTVChannels">pvr://tv/</shortcut>
			<shortcut label="Radio" type="32020" icon="icons\sidemenu\radio.png" widget="addon" widgetType="addon" widgetTarget="programs" condition="PVR.HasRadioChannels">pvr://radio/</shortcut>
		</node>
	</widget-groupings>
</overrides>
